datetime,flow
2024-07-09 00:00:00,50.0
2024-07-09 00:01:00,50.04166666666667
2024-07-09 00:02:00,50.08333333333333
2024-07-09 00:03:00,50.125
2024-07-09 00:04:00,50.166666666666664
2024-07-09 00:05:00,50.208333333333336
2024-07-09 00:06:00,50.25
2024-07-09 00:07:00,50.29166666666667
2024-07-09 00:08:00,50.33333333333333
2024-07-09 00:09:00,50.375
2024-07-09 00:10:00,50.416666666666664
2024-07-09 00:11:00,50.458333333333336
2024-07-09 00:12:00,50.5
2024-07-09 00:13:00,50.54166666666667
2024-07-09 00:14:00,50.58333333333333
2024-07-09 00:15:00,50.625
2024-07-09 00:16:00,50.66666666666667
2024-07-09 00:17:00,50.70833333333333
2024-07-09 00:18:00,50.75
2024-07-09 00:19:00,50.791666666666664
2024-07-09 00:20:00,50.833333333333336
2024-07-09 00:21:00,50.875
2024-07-09 00:22:00,50.91666666666667
2024-07-09 00:23:00,50.95833333333333
2024-07-09 00:24:00,51.0
2024-07-09 00:25:00,51.041666666666664
2024-07-09 00:26:00,51.083333333333336
2024-07-09 00:27:00,51.125
2024-07-09 00:28:00,51.16666666666667
2024-07-09 00:29:00,51.20833333333333
2024-07-09 00:30:00,51.25
2024-07-09 00:31:00,51.29166666666667
2024-07-09 00:32:00,51.33333333333333
2024-07-09 00:33:00,51.375
2024-07-09 00:34:00,51.416666666666664
2024-07-09 00:35:00,51.458333333333336
2024-07-09 00:36:00,51.5
2024-07-09 00:37:00,51.54166666666667
2024-07-09 00:38:00,51.58333333333333
2024-07-09 00:39:00,51.625
2024-07-09 00:40:00,51.666666666666664
2024-07-09 00:41:00,51.708333333333336
2024-07-09 00:42:00,51.75
2024-07-09 00:43:00,51.79166666666667
2024-07-09 00:44:00,51.83333333333333
2024-07-09 00:45:00,51.875
2024-07-09 00:46:00,51.91666666666667
2024-07-09 00:47:00,51.95833333333333
2024-07-09 00:48:00,52.0
2024-07-09 00:49:00,52.041666666666664
2024-07-09 00:50:00,52.083333333333336
2024-07-09 00:51:00,52.125
2024-07-09 00:52:00,52.16666666666667
2024-07-09 00:53:00,52.20833333333333
2024-07-09 00:54:00,52.25
2024-07-09 00:55:00,52.291666666666664
2024-07-09 00:56:00,52.333333333333336
2024-07-09 00:57:00,52.375
2024-07-09 00:58:00,52.41666666666667
2024-07-09 00:59:00,52.45833333333333
2024-07-09 01:00:00,52.5
2024-07-09 01:01:00,52.54166666666667
2024-07-09 01:02:00,52.58333333333333
2024-07-09 01:03:00,52.625
2024-07-09 01:04:00,52.666666666666664
2024-07-09 01:05:00,52.708333333333336
2024-07-09 01:06:00,52.75
2024-07-09 01:07:00,52.79166666666667
2024-07-09 01:08:00,52.83333333333333
2024-07-09 01:09:00,52.875
2024-07-09 01:10:00,52.916666666666664
2024-07-09 01:11:00,52.958333333333336
2024-07-09 01:12:00,53.0
2024-07-09 01:13:00,53.04166666666667
2024-07-09 01:14:00,53.08333333333333
2024-07-09 01:15:00,53.125
2024-07-09 01:16:00,53.16666666666667
2024-07-09 01:17:00,53.20833333333333
2024-07-09 01:18:00,53.25
2024-07-09 01:19:00,53.291666666666664
2024-07-09 01:20:00,53.333333333333336
2024-07-09 01:21:00,53.375
2024-07-09 01:22:00,53.41666666666667
2024-07-09 01:23:00,53.45833333333333
2024-07-09 01:24:00,53.5
2024-07-09 01:25:00,53.541666666666664
2024-07-09 01:26:00,53.583333333333336
2024-07-09 01:27:00,53.625
2024-07-09 01:28:00,53.66666666666667
2024-07-09 01:29:00,53.70833333333333
2024-07-09 01:30:00,53.75
2024-07-09 01:31:00,53.79166666666667
2024-07-09 01:32:00,53.83333333333333
2024-07-09 01:33:00,53.875
2024-07-09 01:34:00,53.916666666666664
2024-07-09 01:35:00,53.958333333333336
2024-07-09 01:36:00,54.0
2024-07-09 01:37:00,54.04166666666667
2024-07-09 01:38:00,54.08333333333333
2024-07-09 01:39:00,54.125
2024-07-09 01:40:00,54.166666666666664
2024-07-09 01:41:00,54.208333333333336
2024-07-09 01:42:00,54.25
2024-07-09 01:43:00,54.29166666666667
2024-07-09 01:44:00,54.33333333333333
2024-07-09 01:45:00,54.375
2024-07-09 01:46:00,54.41666666666667
2024-07-09 01:47:00,54.45833333333333
2024-07-09 01:48:00,54.5
2024-07-09 01:49:00,54.541666666666664
2024-07-09 01:50:00,54.583333333333336
2024-07-09 01:51:00,54.625
2024-07-09 01:52:00,54.66666666666667
2024-07-09 01:53:00,54.70833333333333
2024-07-09 01:54:00,54.75
2024-07-09 01:55:00,54.791666666666664
2024-07-09 01:56:00,54.833333333333336
2024-07-09 01:57:00,54.875
2024-07-09 01:58:00,54.91666666666667
2024-07-09 01:59:00,54.95833333333333
2024-07-09 02:00:00,55.0
2024-07-09 02:01:00,55.04166666666667
2024-07-09 02:02:00,55.08333333333333
2024-07-09 02:03:00,55.125
2024-07-09 02:04:00,55.166666666666664
2024-07-09 02:05:00,55.208333333333336
2024-07-09 02:06:00,55.25
2024-07-09 02:07:00,55.29166666666667
2024-07-09 02:08:00,55.33333333333333
2024-07-09 02:09:00,55.375
2024-07-09 02:10:00,55.416666666666664
2024-07-09 02:11:00,55.458333333333336
2024-07-09 02:12:00,55.5
2024-07-09 02:13:00,55.54166666666667
2024-07-09 02:14:00,55.58333333333333
2024-07-09 02:15:00,55.625
2024-07-09 02:16:00,55.66666666666667
2024-07-09 02:17:00,55.70833333333333
2024-07-09 02:18:00,55.75
2024-07-09 02:19:00,55.791666666666664
2024-07-09 02:20:00,55.833333333333336
2024-07-09 02:21:00,55.875
2024-07-09 02:22:00,55.91666666666667
2024-07-09 02:23:00,55.95833333333333
2024-07-09 02:24:00,56.0
2024-07-09 02:25:00,56.041666666666664
2024-07-09 02:26:00,56.083333333333336
2024-07-09 02:27:00,56.125
2024-07-09 02:28:00,56.16666666666667
2024-07-09 02:29:00,56.20833333333333
2024-07-09 02:30:00,56.25
2024-07-09 02:31:00,56.29166666666667
2024-07-09 02:32:00,56.33333333333333
2024-07-09 02:33:00,56.375
2024-07-09 02:34:00,56.416666666666664
2024-07-09 02:35:00,56.458333333333336
2024-07-09 02:36:00,56.5
2024-07-09 02:37:00,56.54166666666667
2024-07-09 02:38:00,56.58333333333333
2024-07-09 02:39:00,56.625
2024-07-09 02:40:00,56.666666666666664
2024-07-09 02:41:00,56.708333333333336
2024-07-09 02:42:00,56.75
2024-07-09 02:43:00,56.79166666666667
2024-07-09 02:44:00,56.83333333333333
2024-07-09 02:45:00,56.875
2024-07-09 02:46:00,56.91666666666667
2024-07-09 02:47:00,56.95833333333333
2024-07-09 02:48:00,57.0
2024-07-09 02:49:00,57.041666666666664
2024-07-09 02:50:00,57.083333333333336
2024-07-09 02:51:00,57.125
2024-07-09 02:52:00,57.16666666666667
2024-07-09 02:53:00,57.20833333333333
2024-07-09 02:54:00,57.25
2024-07-09 02:55:00,57.291666666666664
2024-07-09 02:56:00,57.333333333333336
2024-07-09 02:57:00,57.375
2024-07-09 02:58:00,57.41666666666667
2024-07-09 02:59:00,57.45833333333333
2024-07-09 03:00:00,57.5
2024-07-09 03:01:00,57.54166666666667
2024-07-09 03:02:00,57.58333333333333
2024-07-09 03:03:00,57.625
2024-07-09 03:04:00,57.666666666666664
2024-07-09 03:05:00,57.708333333333336
2024-07-09 03:06:00,57.75
2024-07-09 03:07:00,57.79166666666667
2024-07-09 03:08:00,57.83333333333333
2024-07-09 03:09:00,57.875
2024-07-09 03:10:00,57.916666666666664
2024-07-09 03:11:00,57.958333333333336
2024-07-09 03:12:00,58.0
2024-07-09 03:13:00,58.04166666666667
2024-07-09 03:14:00,58.08333333333333
2024-07-09 03:15:00,58.125
2024-07-09 03:16:00,58.16666666666667
2024-07-09 03:17:00,58.20833333333333
2024-07-09 03:18:00,58.25
2024-07-09 03:19:00,58.291666666666664
2024-07-09 03:20:00,58.333333333333336
2024-07-09 03:21:00,58.375
2024-07-09 03:22:00,58.41666666666667
2024-07-09 03:23:00,58.45833333333333
2024-07-09 03:24:00,58.5
2024-07-09 03:25:00,58.541666666666664
2024-07-09 03:26:00,58.583333333333336
2024-07-09 03:27:00,58.625
2024-07-09 03:28:00,58.66666666666667
2024-07-09 03:29:00,58.70833333333333
2024-07-09 03:30:00,58.75
2024-07-09 03:31:00,58.79166666666667
2024-07-09 03:32:00,58.83333333333333
2024-07-09 03:33:00,58.875
2024-07-09 03:34:00,58.916666666666664
2024-07-09 03:35:00,58.958333333333336
2024-07-09 03:36:00,59.0
2024-07-09 03:37:00,59.04166666666667
2024-07-09 03:38:00,59.08333333333333
2024-07-09 03:39:00,59.125
2024-07-09 03:40:00,59.166666666666664
2024-07-09 03:41:00,59.208333333333336
2024-07-09 03:42:00,59.25
2024-07-09 03:43:00,59.29166666666667
2024-07-09 03:44:00,59.33333333333333
2024-07-09 03:45:00,59.375
2024-07-09 03:46:00,59.41666666666667
2024-07-09 03:47:00,59.45833333333333
2024-07-09 03:48:00,59.5
2024-07-09 03:49:00,59.541666666666664
2024-07-09 03:50:00,59.583333333333336
2024-07-09 03:51:00,59.625
2024-07-09 03:52:00,59.66666666666667
2024-07-09 03:53:00,59.70833333333333
2024-07-09 03:54:00,59.75
2024-07-09 03:55:00,59.791666666666664
2024-07-09 03:56:00,59.833333333333336
2024-07-09 03:57:00,59.875
2024-07-09 03:58:00,59.91666666666667
2024-07-09 03:59:00,59.95833333333333
2024-07-09 04:00:00,60.0
2024-07-09 04:01:00,60.04166666666667
2024-07-09 04:02:00,60.08333333333333
2024-07-09 04:03:00,60.125
2024-07-09 04:04:00,60.166666666666664
2024-07-09 04:05:00,60.20833333333333
2024-07-09 04:06:00,60.25
2024-07-09 04:07:00,60.291666666666664
2024-07-09 04:08:00,60.333333333333336
2024-07-09 04:09:00,60.375
2024-07-09 04:10:00,60.41666666666667
2024-07-09 04:11:00,60.458333333333336
2024-07-09 04:12:00,60.5
2024-07-09 04:13:00,60.54166666666667
2024-07-09 04:14:00,60.58333333333333
2024-07-09 04:15:00,60.625
2024-07-09 04:16:00,60.66666666666667
2024-07-09 04:17:00,60.70833333333333
2024-07-09 04:18:00,60.75
2024-07-09 04:19:00,60.791666666666664
2024-07-09 04:20:00,60.83333333333333
2024-07-09 04:21:00,60.875
2024-07-09 04:22:00,60.916666666666664
2024-07-09 04:23:00,60.958333333333336
2024-07-09 04:24:00,61.0
2024-07-09 04:25:00,61.04166666666667
2024-07-09 04:26:00,61.083333333333336
2024-07-09 04:27:00,61.125
2024-07-09 04:28:00,61.16666666666667
2024-07-09 04:29:00,61.20833333333333
2024-07-09 04:30:00,61.25
2024-07-09 04:31:00,61.29166666666667
2024-07-09 04:32:00,61.33333333333333
2024-07-09 04:33:00,61.375
2024-07-09 04:34:00,61.416666666666664
2024-07-09 04:35:00,61.45833333333333
2024-07-09 04:36:00,61.5
2024-07-09 04:37:00,61.541666666666664
2024-07-09 04:38:00,61.583333333333336
2024-07-09 04:39:00,61.625
2024-07-09 04:40:00,61.66666666666667
2024-07-09 04:41:00,61.708333333333336
2024-07-09 04:42:00,61.75
2024-07-09 04:43:00,61.79166666666667
2024-07-09 04:44:00,61.83333333333333
2024-07-09 04:45:00,61.875
2024-07-09 04:46:00,61.91666666666667
2024-07-09 04:47:00,61.95833333333333
2024-07-09 04:48:00,62.0
2024-07-09 04:49:00,62.041666666666664
2024-07-09 04:50:00,62.08333333333333
2024-07-09 04:51:00,62.125
2024-07-09 04:52:00,62.166666666666664
2024-07-09 04:53:00,62.208333333333336
2024-07-09 04:54:00,62.25
2024-07-09 04:55:00,62.29166666666667
2024-07-09 04:56:00,62.333333333333336
2024-07-09 04:57:00,62.375
2024-07-09 04:58:00,62.41666666666667
2024-07-09 04:59:00,62.45833333333333
2024-07-09 05:00:00,62.5
2024-07-09 05:01:00,62.54166666666667
2024-07-09 05:02:00,62.58333333333333
2024-07-09 05:03:00,62.625
2024-07-09 05:04:00,62.666666666666664
2024-07-09 05:05:00,62.70833333333333
2024-07-09 05:06:00,62.75
2024-07-09 05:07:00,62.791666666666664
2024-07-09 05:08:00,62.833333333333336
2024-07-09 05:09:00,62.875
2024-07-09 05:10:00,62.91666666666667
2024-07-09 05:11:00,62.958333333333336
2024-07-09 05:12:00,63.0
2024-07-09 05:13:00,63.04166666666667
2024-07-09 05:14:00,63.08333333333333
2024-07-09 05:15:00,63.125
2024-07-09 05:16:00,63.16666666666667
2024-07-09 05:17:00,63.20833333333333
2024-07-09 05:18:00,63.25
2024-07-09 05:19:00,63.291666666666664
2024-07-09 05:20:00,63.33333333333333
2024-07-09 05:21:00,63.375
2024-07-09 05:22:00,63.416666666666664
2024-07-09 05:23:00,63.458333333333336
2024-07-09 05:24:00,63.5
2024-07-09 05:25:00,63.54166666666667
2024-07-09 05:26:00,63.583333333333336
2024-07-09 05:27:00,63.625
2024-07-09 05:28:00,63.66666666666667
2024-07-09 05:29:00,63.70833333333333
2024-07-09 05:30:00,63.75
2024-07-09 05:31:00,63.79166666666667
2024-07-09 05:32:00,63.83333333333333
2024-07-09 05:33:00,63.875
2024-07-09 05:34:00,63.916666666666664
2024-07-09 05:35:00,63.95833333333333
2024-07-09 05:36:00,64.0
2024-07-09 05:37:00,64.04166666666667
2024-07-09 05:38:00,64.08333333333333
2024-07-09 05:39:00,64.125
2024-07-09 05:40:00,64.16666666666667
2024-07-09 05:41:00,64.20833333333333
2024-07-09 05:42:00,64.25
2024-07-09 05:43:00,64.29166666666667
2024-07-09 05:44:00,64.33333333333333
2024-07-09 05:45:00,64.375
2024-07-09 05:46:00,64.41666666666667
2024-07-09 05:47:00,64.45833333333333
2024-07-09 05:48:00,64.5
2024-07-09 05:49:00,64.54166666666667
2024-07-09 05:50:00,64.58333333333333
2024-07-09 05:51:00,64.625
2024-07-09 05:52:00,64.66666666666667
2024-07-09 05:53:00,64.70833333333333
2024-07-09 05:54:00,64.75
2024-07-09 05:55:00,64.79166666666667
2024-07-09 05:56:00,64.83333333333333
2024-07-09 05:57:00,64.875
2024-07-09 05:58:00,64.91666666666667
2024-07-09 05:59:00,64.95833333333333
2024-07-09 06:00:00,65.0
2024-07-09 06:01:00,65.04166666666667
2024-07-09 06:02:00,65.08333333333333
2024-07-09 06:03:00,65.125
2024-07-09 06:04:00,65.16666666666667
2024-07-09 06:05:00,65.20833333333333
2024-07-09 06:06:00,65.25
2024-07-09 06:07:00,65.29166666666667
2024-07-09 06:08:00,65.33333333333333
2024-07-09 06:09:00,65.375
2024-07-09 06:10:00,65.41666666666667
2024-07-09 06:11:00,65.45833333333333
2024-07-09 06:12:00,65.5
2024-07-09 06:13:00,65.54166666666667
2024-07-09 06:14:00,65.58333333333333
2024-07-09 06:15:00,65.625
2024-07-09 06:16:00,65.66666666666667
2024-07-09 06:17:00,65.70833333333333
2024-07-09 06:18:00,65.75
2024-07-09 06:19:00,65.79166666666667
2024-07-09 06:20:00,65.83333333333333
2024-07-09 06:21:00,65.875
2024-07-09 06:22:00,65.91666666666667
2024-07-09 06:23:00,65.95833333333333
2024-07-09 06:24:00,66.0
2024-07-09 06:25:00,66.04166666666667
2024-07-09 06:26:00,66.08333333333333
2024-07-09 06:27:00,66.125
2024-07-09 06:28:00,66.16666666666667
2024-07-09 06:29:00,66.20833333333333
2024-07-09 06:30:00,66.25
2024-07-09 06:31:00,66.29166666666667
2024-07-09 06:32:00,66.33333333333333
2024-07-09 06:33:00,66.375
2024-07-09 06:34:00,66.41666666666667
2024-07-09 06:35:00,66.45833333333333
2024-07-09 06:36:00,66.5
2024-07-09 06:37:00,66.54166666666667
2024-07-09 06:38:00,66.58333333333333
2024-07-09 06:39:00,66.625
2024-07-09 06:40:00,66.66666666666667
2024-07-09 06:41:00,66.70833333333333
2024-07-09 06:42:00,66.75
2024-07-09 06:43:00,66.79166666666667
2024-07-09 06:44:00,66.83333333333333
2024-07-09 06:45:00,66.875
2024-07-09 06:46:00,66.91666666666667
2024-07-09 06:47:00,66.95833333333333
2024-07-09 06:48:00,67.0
2024-07-09 06:49:00,67.04166666666667
2024-07-09 06:50:00,67.08333333333333
2024-07-09 06:51:00,67.125
2024-07-09 06:52:00,67.16666666666667
2024-07-09 06:53:00,67.20833333333333
2024-07-09 06:54:00,67.25
2024-07-09 06:55:00,67.29166666666667
2024-07-09 06:56:00,67.33333333333333
2024-07-09 06:57:00,67.375
2024-07-09 06:58:00,67.41666666666667
2024-07-09 06:59:00,67.45833333333333
2024-07-09 07:00:00,67.5
2024-07-09 07:01:00,67.54166666666667
2024-07-09 07:02:00,67.58333333333333
2024-07-09 07:03:00,67.625
2024-07-09 07:04:00,67.66666666666667
2024-07-09 07:05:00,67.70833333333333
2024-07-09 07:06:00,67.75
2024-07-09 07:07:00,67.79166666666667
2024-07-09 07:08:00,67.83333333333333
2024-07-09 07:09:00,67.875
2024-07-09 07:10:00,67.91666666666667
2024-07-09 07:11:00,67.95833333333333
2024-07-09 07:12:00,68.0
2024-07-09 07:13:00,68.04166666666667
2024-07-09 07:14:00,68.08333333333333
2024-07-09 07:15:00,68.125
2024-07-09 07:16:00,68.16666666666667
2024-07-09 07:17:00,68.20833333333333
2024-07-09 07:18:00,68.25
2024-07-09 07:19:00,68.29166666666667
2024-07-09 07:20:00,68.33333333333333
2024-07-09 07:21:00,68.375
2024-07-09 07:22:00,68.41666666666667
2024-07-09 07:23:00,68.45833333333333
2024-07-09 07:24:00,68.5
2024-07-09 07:25:00,68.54166666666667
2024-07-09 07:26:00,68.58333333333333
2024-07-09 07:27:00,68.625
2024-07-09 07:28:00,68.66666666666667
2024-07-09 07:29:00,68.70833333333333
2024-07-09 07:30:00,68.75
2024-07-09 07:31:00,68.79166666666667
2024-07-09 07:32:00,68.83333333333333
2024-07-09 07:33:00,68.875
2024-07-09 07:34:00,68.91666666666667
2024-07-09 07:35:00,68.95833333333333
2024-07-09 07:36:00,69.0
2024-07-09 07:37:00,69.04166666666667
2024-07-09 07:38:00,69.08333333333333
2024-07-09 07:39:00,69.125
2024-07-09 07:40:00,69.16666666666667
2024-07-09 07:41:00,69.20833333333333
2024-07-09 07:42:00,69.25
2024-07-09 07:43:00,69.29166666666667
2024-07-09 07:44:00,69.33333333333333
2024-07-09 07:45:00,69.375
2024-07-09 07:46:00,69.41666666666667
2024-07-09 07:47:00,69.45833333333333
2024-07-09 07:48:00,69.5
2024-07-09 07:49:00,69.54166666666667
2024-07-09 07:50:00,69.58333333333333
2024-07-09 07:51:00,69.625
2024-07-09 07:52:00,69.66666666666667
2024-07-09 07:53:00,69.70833333333333
2024-07-09 07:54:00,69.75
2024-07-09 07:55:00,69.79166666666667
2024-07-09 07:56:00,69.83333333333333
2024-07-09 07:57:00,69.875
2024-07-09 07:58:00,69.91666666666667
2024-07-09 07:59:00,69.95833333333333
2024-07-09 08:00:00,70.0
2024-07-09 08:01:00,70.04166666666667
2024-07-09 08:02:00,70.08333333333333
2024-07-09 08:03:00,70.125
2024-07-09 08:04:00,70.16666666666667
2024-07-09 08:05:00,70.20833333333333
2024-07-09 08:06:00,70.25
2024-07-09 08:07:00,70.29166666666667
2024-07-09 08:08:00,70.33333333333333
2024-07-09 08:09:00,70.375
2024-07-09 08:10:00,70.41666666666667
2024-07-09 08:11:00,70.45833333333333
2024-07-09 08:12:00,70.5
2024-07-09 08:13:00,70.54166666666667
2024-07-09 08:14:00,70.58333333333333
2024-07-09 08:15:00,70.625
2024-07-09 08:16:00,70.66666666666667
2024-07-09 08:17:00,70.70833333333333
2024-07-09 08:18:00,70.75
2024-07-09 08:19:00,70.79166666666667
2024-07-09 08:20:00,70.83333333333333
2024-07-09 08:21:00,70.875
2024-07-09 08:22:00,70.91666666666667
2024-07-09 08:23:00,70.95833333333333
2024-07-09 08:24:00,71.0
2024-07-09 08:25:00,71.04166666666667
2024-07-09 08:26:00,71.08333333333333
2024-07-09 08:27:00,71.125
2024-07-09 08:28:00,71.16666666666667
2024-07-09 08:29:00,71.20833333333333
2024-07-09 08:30:00,71.25
2024-07-09 08:31:00,71.29166666666667
2024-07-09 08:32:00,71.33333333333333
2024-07-09 08:33:00,71.375
2024-07-09 08:34:00,71.41666666666667
2024-07-09 08:35:00,71.45833333333333
2024-07-09 08:36:00,71.5
2024-07-09 08:37:00,71.54166666666667
2024-07-09 08:38:00,71.58333333333333
2024-07-09 08:39:00,71.625
2024-07-09 08:40:00,71.66666666666667
2024-07-09 08:41:00,71.70833333333333
2024-07-09 08:42:00,71.75
2024-07-09 08:43:00,71.79166666666667
2024-07-09 08:44:00,71.83333333333333
2024-07-09 08:45:00,71.875
2024-07-09 08:46:00,71.91666666666667
2024-07-09 08:47:00,71.95833333333333
2024-07-09 08:48:00,72.0
2024-07-09 08:49:00,72.04166666666667
2024-07-09 08:50:00,72.08333333333333
2024-07-09 08:51:00,72.125
2024-07-09 08:52:00,72.16666666666667
2024-07-09 08:53:00,72.20833333333333
2024-07-09 08:54:00,72.25
2024-07-09 08:55:00,72.29166666666667
2024-07-09 08:56:00,72.33333333333333
2024-07-09 08:57:00,72.375
2024-07-09 08:58:00,72.41666666666667
2024-07-09 08:59:00,72.45833333333333
2024-07-09 09:00:00,72.5
2024-07-09 09:01:00,72.54166666666667
2024-07-09 09:02:00,72.58333333333333
2024-07-09 09:03:00,72.625
2024-07-09 09:04:00,72.66666666666667
2024-07-09 09:05:00,72.70833333333333
2024-07-09 09:06:00,72.75
2024-07-09 09:07:00,72.79166666666667
2024-07-09 09:08:00,72.83333333333333
2024-07-09 09:09:00,72.875
2024-07-09 09:10:00,72.91666666666667
2024-07-09 09:11:00,72.95833333333333
2024-07-09 09:12:00,73.0
2024-07-09 09:13:00,73.04166666666667
2024-07-09 09:14:00,73.08333333333333
2024-07-09 09:15:00,73.125
2024-07-09 09:16:00,73.16666666666667
2024-07-09 09:17:00,73.20833333333333
2024-07-09 09:18:00,73.25
2024-07-09 09:19:00,73.29166666666667
2024-07-09 09:20:00,73.33333333333333
2024-07-09 09:21:00,73.375
2024-07-09 09:22:00,73.41666666666667
2024-07-09 09:23:00,73.45833333333333
2024-07-09 09:24:00,73.5
2024-07-09 09:25:00,73.54166666666667
2024-07-09 09:26:00,73.58333333333333
2024-07-09 09:27:00,73.625
2024-07-09 09:28:00,73.66666666666667
2024-07-09 09:29:00,73.70833333333333
2024-07-09 09:30:00,73.75
2024-07-09 09:31:00,73.79166666666667
2024-07-09 09:32:00,73.83333333333333
2024-07-09 09:33:00,73.875
2024-07-09 09:34:00,73.91666666666667
2024-07-09 09:35:00,73.95833333333333
2024-07-09 09:36:00,74.0
2024-07-09 09:37:00,74.04166666666667
2024-07-09 09:38:00,74.08333333333333
2024-07-09 09:39:00,74.125
2024-07-09 09:40:00,74.16666666666667
2024-07-09 09:41:00,74.20833333333333
2024-07-09 09:42:00,74.25
2024-07-09 09:43:00,74.29166666666667
2024-07-09 09:44:00,74.33333333333333
2024-07-09 09:45:00,74.375
2024-07-09 09:46:00,74.41666666666667
2024-07-09 09:47:00,74.45833333333333
2024-07-09 09:48:00,74.5
2024-07-09 09:49:00,74.54166666666667
2024-07-09 09:50:00,74.58333333333333
2024-07-09 09:51:00,74.625
2024-07-09 09:52:00,74.66666666666667
2024-07-09 09:53:00,74.70833333333333
2024-07-09 09:54:00,74.75
2024-07-09 09:55:00,74.79166666666667
2024-07-09 09:56:00,74.83333333333333
2024-07-09 09:57:00,74.875
2024-07-09 09:58:00,74.91666666666667
2024-07-09 09:59:00,74.95833333333333
2024-07-09 10:00:00,75.0
2024-07-09 10:01:00,75.04166666666667
2024-07-09 10:02:00,75.08333333333333
2024-07-09 10:03:00,75.125
2024-07-09 10:04:00,75.16666666666667
2024-07-09 10:05:00,75.20833333333333
2024-07-09 10:06:00,75.25
2024-07-09 10:07:00,75.29166666666667
2024-07-09 10:08:00,75.33333333333333
2024-07-09 10:09:00,75.375
2024-07-09 10:10:00,75.41666666666667
2024-07-09 10:11:00,75.45833333333333
2024-07-09 10:12:00,75.5
2024-07-09 10:13:00,75.54166666666667
2024-07-09 10:14:00,75.58333333333333
2024-07-09 10:15:00,75.625
2024-07-09 10:16:00,75.66666666666667
2024-07-09 10:17:00,75.70833333333333
2024-07-09 10:18:00,75.75
2024-07-09 10:19:00,75.79166666666667
2024-07-09 10:20:00,75.83333333333333
2024-07-09 10:21:00,75.875
2024-07-09 10:22:00,75.91666666666667
2024-07-09 10:23:00,75.95833333333333
2024-07-09 10:24:00,76.0
2024-07-09 10:25:00,76.04166666666667
2024-07-09 10:26:00,76.08333333333333
2024-07-09 10:27:00,76.125
2024-07-09 10:28:00,76.16666666666667
2024-07-09 10:29:00,76.20833333333333
2024-07-09 10:30:00,76.25
2024-07-09 10:31:00,76.29166666666667
2024-07-09 10:32:00,76.33333333333333
2024-07-09 10:33:00,76.375
2024-07-09 10:34:00,76.41666666666667
2024-07-09 10:35:00,76.45833333333333
2024-07-09 10:36:00,76.5
2024-07-09 10:37:00,76.54166666666667
2024-07-09 10:38:00,76.58333333333333
2024-07-09 10:39:00,76.625
2024-07-09 10:40:00,76.66666666666667
2024-07-09 10:41:00,76.70833333333333
2024-07-09 10:42:00,76.75
2024-07-09 10:43:00,76.79166666666667
2024-07-09 10:44:00,76.83333333333333
2024-07-09 10:45:00,76.875
2024-07-09 10:46:00,76.91666666666667
2024-07-09 10:47:00,76.95833333333333
2024-07-09 10:48:00,77.0
2024-07-09 10:49:00,77.04166666666667
2024-07-09 10:50:00,77.08333333333333
2024-07-09 10:51:00,77.125
2024-07-09 10:52:00,77.16666666666667
2024-07-09 10:53:00,77.20833333333333
2024-07-09 10:54:00,77.25
2024-07-09 10:55:00,77.29166666666667
2024-07-09 10:56:00,77.33333333333333
2024-07-09 10:57:00,77.375
2024-07-09 10:58:00,77.41666666666667
2024-07-09 10:59:00,77.45833333333333
2024-07-09 11:00:00,77.5
2024-07-09 11:01:00,77.54166666666667
2024-07-09 11:02:00,77.58333333333333
2024-07-09 11:03:00,77.625
2024-07-09 11:04:00,77.66666666666667
2024-07-09 11:05:00,77.70833333333333
2024-07-09 11:06:00,77.75
2024-07-09 11:07:00,77.79166666666667
2024-07-09 11:08:00,77.83333333333333
2024-07-09 11:09:00,77.875
2024-07-09 11:10:00,77.91666666666667
2024-07-09 11:11:00,77.95833333333333
2024-07-09 11:12:00,78.0
2024-07-09 11:13:00,78.04166666666667
2024-07-09 11:14:00,78.08333333333333
2024-07-09 11:15:00,78.125
2024-07-09 11:16:00,78.16666666666667
2024-07-09 11:17:00,78.20833333333333
2024-07-09 11:18:00,78.25
2024-07-09 11:19:00,78.29166666666667
2024-07-09 11:20:00,78.33333333333333
2024-07-09 11:21:00,78.375
2024-07-09 11:22:00,78.41666666666667
2024-07-09 11:23:00,78.45833333333333
2024-07-09 11:24:00,78.5
2024-07-09 11:25:00,78.54166666666667
2024-07-09 11:26:00,78.58333333333333
2024-07-09 11:27:00,78.625
2024-07-09 11:28:00,78.66666666666667
2024-07-09 11:29:00,78.70833333333333
2024-07-09 11:30:00,78.75
2024-07-09 11:31:00,78.79166666666667
2024-07-09 11:32:00,78.83333333333333
2024-07-09 11:33:00,78.875
2024-07-09 11:34:00,78.91666666666667
2024-07-09 11:35:00,78.95833333333333
2024-07-09 11:36:00,79.0
2024-07-09 11:37:00,79.04166666666667
2024-07-09 11:38:00,79.08333333333333
2024-07-09 11:39:00,79.125
2024-07-09 11:40:00,79.16666666666667
2024-07-09 11:41:00,79.20833333333333
2024-07-09 11:42:00,79.25
2024-07-09 11:43:00,79.29166666666667
2024-07-09 11:44:00,79.33333333333333
2024-07-09 11:45:00,79.375
2024-07-09 11:46:00,79.41666666666667
2024-07-09 11:47:00,79.45833333333333
2024-07-09 11:48:00,79.5
2024-07-09 11:49:00,79.54166666666667
2024-07-09 11:50:00,79.58333333333333
2024-07-09 11:51:00,79.625
2024-07-09 11:52:00,79.66666666666667
2024-07-09 11:53:00,79.70833333333333
2024-07-09 11:54:00,79.75
2024-07-09 11:55:00,79.79166666666667
2024-07-09 11:56:00,79.83333333333333
2024-07-09 11:57:00,79.875
2024-07-09 11:58:00,79.91666666666667
2024-07-09 11:59:00,79.95833333333333
2024-07-09 12:00:00,80.0
2024-07-09 12:01:00,80.04166666666667
2024-07-09 12:02:00,80.08333333333333
2024-07-09 12:03:00,80.125
2024-07-09 12:04:00,80.16666666666667
2024-07-09 12:05:00,80.20833333333333
2024-07-09 12:06:00,80.25
2024-07-09 12:07:00,80.29166666666667
2024-07-09 12:08:00,80.33333333333333
2024-07-09 12:09:00,80.375
2024-07-09 12:10:00,80.41666666666667
2024-07-09 12:11:00,80.45833333333333
2024-07-09 12:12:00,80.5
2024-07-09 12:13:00,80.54166666666667
2024-07-09 12:14:00,80.58333333333333
2024-07-09 12:15:00,80.625
2024-07-09 12:16:00,80.66666666666667
2024-07-09 12:17:00,80.70833333333333
2024-07-09 12:18:00,80.75
2024-07-09 12:19:00,80.79166666666667
2024-07-09 12:20:00,80.83333333333333
2024-07-09 12:21:00,80.875
2024-07-09 12:22:00,80.91666666666667
2024-07-09 12:23:00,80.95833333333333
2024-07-09 12:24:00,81.0
2024-07-09 12:25:00,81.04166666666667
2024-07-09 12:26:00,81.08333333333333
2024-07-09 12:27:00,81.125
2024-07-09 12:28:00,81.16666666666667
2024-07-09 12:29:00,81.20833333333333
2024-07-09 12:30:00,81.25
2024-07-09 12:31:00,81.29166666666667
2024-07-09 12:32:00,81.33333333333333
2024-07-09 12:33:00,81.375
2024-07-09 12:34:00,81.41666666666667
2024-07-09 12:35:00,81.45833333333333
2024-07-09 12:36:00,81.5
2024-07-09 12:37:00,81.54166666666667
2024-07-09 12:38:00,81.58333333333333
2024-07-09 12:39:00,81.625
2024-07-09 12:40:00,81.66666666666667
2024-07-09 12:41:00,81.70833333333333
2024-07-09 12:42:00,81.75
2024-07-09 12:43:00,81.79166666666667
2024-07-09 12:44:00,81.83333333333333
2024-07-09 12:45:00,81.875
2024-07-09 12:46:00,81.91666666666667
2024-07-09 12:47:00,81.95833333333333
2024-07-09 12:48:00,82.0
2024-07-09 12:49:00,82.04166666666667
2024-07-09 12:50:00,82.08333333333333
2024-07-09 12:51:00,82.125
2024-07-09 12:52:00,82.16666666666667
2024-07-09 12:53:00,82.20833333333333
2024-07-09 12:54:00,82.25
2024-07-09 12:55:00,82.29166666666667
2024-07-09 12:56:00,82.33333333333333
2024-07-09 12:57:00,82.375
2024-07-09 12:58:00,82.41666666666667
2024-07-09 12:59:00,82.45833333333333
2024-07-09 13:00:00,82.5
2024-07-09 13:01:00,82.54166666666667
2024-07-09 13:02:00,82.58333333333333
2024-07-09 13:03:00,82.625
2024-07-09 13:04:00,82.66666666666667
2024-07-09 13:05:00,82.70833333333333
2024-07-09 13:06:00,82.75
2024-07-09 13:07:00,82.79166666666667
2024-07-09 13:08:00,82.83333333333333
2024-07-09 13:09:00,82.875
2024-07-09 13:10:00,82.91666666666667
2024-07-09 13:11:00,82.95833333333333
2024-07-09 13:12:00,83.0
2024-07-09 13:13:00,83.04166666666667
2024-07-09 13:14:00,83.08333333333333
2024-07-09 13:15:00,83.125
2024-07-09 13:16:00,83.16666666666667
2024-07-09 13:17:00,83.20833333333333
2024-07-09 13:18:00,83.25
2024-07-09 13:19:00,83.29166666666667
2024-07-09 13:20:00,83.33333333333333
2024-07-09 13:21:00,83.375
2024-07-09 13:22:00,83.41666666666667
2024-07-09 13:23:00,83.45833333333333
2024-07-09 13:24:00,83.5
2024-07-09 13:25:00,83.54166666666667
2024-07-09 13:26:00,83.58333333333333
2024-07-09 13:27:00,83.625
2024-07-09 13:28:00,83.66666666666667
2024-07-09 13:29:00,83.70833333333333
2024-07-09 13:30:00,83.75
2024-07-09 13:31:00,83.79166666666667
2024-07-09 13:32:00,83.83333333333333
2024-07-09 13:33:00,83.875
2024-07-09 13:34:00,83.91666666666667
2024-07-09 13:35:00,83.95833333333333
2024-07-09 13:36:00,84.0
2024-07-09 13:37:00,84.04166666666667
2024-07-09 13:38:00,84.08333333333333
2024-07-09 13:39:00,84.125
2024-07-09 13:40:00,84.16666666666667
2024-07-09 13:41:00,84.20833333333333
2024-07-09 13:42:00,84.25
2024-07-09 13:43:00,84.29166666666667
2024-07-09 13:44:00,84.33333333333333
2024-07-09 13:45:00,84.375
2024-07-09 13:46:00,84.41666666666667
2024-07-09 13:47:00,84.45833333333333
2024-07-09 13:48:00,84.5
2024-07-09 13:49:00,84.54166666666667
2024-07-09 13:50:00,84.58333333333333
2024-07-09 13:51:00,84.625
2024-07-09 13:52:00,84.66666666666667
2024-07-09 13:53:00,84.70833333333333
2024-07-09 13:54:00,84.75
2024-07-09 13:55:00,84.79166666666667
2024-07-09 13:56:00,84.83333333333333
2024-07-09 13:57:00,84.875
2024-07-09 13:58:00,84.91666666666667
2024-07-09 13:59:00,84.95833333333333
2024-07-09 14:00:00,85.0
2024-07-09 14:01:00,85.04166666666667
2024-07-09 14:02:00,85.08333333333333
2024-07-09 14:03:00,85.125
2024-07-09 14:04:00,85.16666666666667
2024-07-09 14:05:00,85.20833333333333
2024-07-09 14:06:00,85.25
2024-07-09 14:07:00,85.29166666666667
2024-07-09 14:08:00,85.33333333333333
2024-07-09 14:09:00,85.375
2024-07-09 14:10:00,85.41666666666667
2024-07-09 14:11:00,85.45833333333333
2024-07-09 14:12:00,85.5
2024-07-09 14:13:00,85.54166666666667
2024-07-09 14:14:00,85.58333333333333
2024-07-09 14:15:00,85.625
2024-07-09 14:16:00,85.66666666666667
2024-07-09 14:17:00,85.70833333333333
2024-07-09 14:18:00,85.75
2024-07-09 14:19:00,85.79166666666667
2024-07-09 14:20:00,85.83333333333333
2024-07-09 14:21:00,85.875
2024-07-09 14:22:00,85.91666666666667
2024-07-09 14:23:00,85.95833333333333
2024-07-09 14:24:00,86.0
2024-07-09 14:25:00,86.04166666666667
2024-07-09 14:26:00,86.08333333333333
2024-07-09 14:27:00,86.125
2024-07-09 14:28:00,86.16666666666667
2024-07-09 14:29:00,86.20833333333333
2024-07-09 14:30:00,86.25
2024-07-09 14:31:00,86.29166666666667
2024-07-09 14:32:00,86.33333333333333
2024-07-09 14:33:00,86.375
2024-07-09 14:34:00,86.41666666666667
2024-07-09 14:35:00,86.45833333333333
2024-07-09 14:36:00,86.5
2024-07-09 14:37:00,86.54166666666667
2024-07-09 14:38:00,86.58333333333333
2024-07-09 14:39:00,86.625
2024-07-09 14:40:00,86.66666666666667
2024-07-09 14:41:00,86.70833333333333
2024-07-09 14:42:00,86.75
2024-07-09 14:43:00,86.79166666666667
2024-07-09 14:44:00,86.83333333333333
2024-07-09 14:45:00,86.875
2024-07-09 14:46:00,86.91666666666667
2024-07-09 14:47:00,86.95833333333333
2024-07-09 14:48:00,87.0
2024-07-09 14:49:00,87.04166666666667
2024-07-09 14:50:00,87.08333333333333
2024-07-09 14:51:00,87.125
2024-07-09 14:52:00,87.16666666666667
2024-07-09 14:53:00,87.20833333333333
2024-07-09 14:54:00,87.25
2024-07-09 14:55:00,87.29166666666667
2024-07-09 14:56:00,87.33333333333333
2024-07-09 14:57:00,87.375
2024-07-09 14:58:00,87.41666666666667
2024-07-09 14:59:00,87.45833333333333
2024-07-09 15:00:00,87.5
2024-07-09 15:01:00,87.54166666666667
2024-07-09 15:02:00,87.58333333333333
2024-07-09 15:03:00,87.625
2024-07-09 15:04:00,87.66666666666667
2024-07-09 15:05:00,87.70833333333333
2024-07-09 15:06:00,87.75
2024-07-09 15:07:00,87.79166666666667
2024-07-09 15:08:00,87.83333333333333
2024-07-09 15:09:00,87.875
2024-07-09 15:10:00,87.91666666666667
2024-07-09 15:11:00,87.95833333333333
2024-07-09 15:12:00,88.0
2024-07-09 15:13:00,88.04166666666667
2024-07-09 15:14:00,88.08333333333333
2024-07-09 15:15:00,88.125
2024-07-09 15:16:00,88.16666666666667
2024-07-09 15:17:00,88.20833333333333
2024-07-09 15:18:00,88.25
2024-07-09 15:19:00,88.29166666666667
2024-07-09 15:20:00,88.33333333333333
2024-07-09 15:21:00,88.375
2024-07-09 15:22:00,88.41666666666667
2024-07-09 15:23:00,88.45833333333333
2024-07-09 15:24:00,88.5
2024-07-09 15:25:00,88.54166666666667
2024-07-09 15:26:00,88.58333333333333
2024-07-09 15:27:00,88.625
2024-07-09 15:28:00,88.66666666666667
2024-07-09 15:29:00,88.70833333333333
2024-07-09 15:30:00,88.75
2024-07-09 15:31:00,88.79166666666667
2024-07-09 15:32:00,88.83333333333333
2024-07-09 15:33:00,88.875
2024-07-09 15:34:00,88.91666666666667
2024-07-09 15:35:00,88.95833333333333
2024-07-09 15:36:00,89.0
2024-07-09 15:37:00,89.04166666666667
2024-07-09 15:38:00,89.08333333333333
2024-07-09 15:39:00,89.125
2024-07-09 15:40:00,89.16666666666667
2024-07-09 15:41:00,89.20833333333333
2024-07-09 15:42:00,89.25
2024-07-09 15:43:00,89.29166666666667
2024-07-09 15:44:00,89.33333333333333
2024-07-09 15:45:00,89.375
2024-07-09 15:46:00,89.41666666666667
2024-07-09 15:47:00,89.45833333333333
2024-07-09 15:48:00,89.5
2024-07-09 15:49:00,89.54166666666667
2024-07-09 15:50:00,89.58333333333333
2024-07-09 15:51:00,89.625
2024-07-09 15:52:00,89.66666666666667
2024-07-09 15:53:00,89.70833333333333
2024-07-09 15:54:00,89.75
2024-07-09 15:55:00,89.79166666666667
2024-07-09 15:56:00,89.83333333333333
2024-07-09 15:57:00,89.875
2024-07-09 15:58:00,89.91666666666667
2024-07-09 15:59:00,89.95833333333333
2024-07-09 16:00:00,90.0
2024-07-09 16:01:00,90.04166666666667
2024-07-09 16:02:00,90.08333333333333
2024-07-09 16:03:00,90.125
2024-07-09 16:04:00,90.16666666666667
2024-07-09 16:05:00,90.20833333333333
2024-07-09 16:06:00,90.25
2024-07-09 16:07:00,90.29166666666667
2024-07-09 16:08:00,90.33333333333333
2024-07-09 16:09:00,90.375
2024-07-09 16:10:00,90.41666666666667
2024-07-09 16:11:00,90.45833333333333
2024-07-09 16:12:00,90.5
2024-07-09 16:13:00,90.54166666666667
2024-07-09 16:14:00,90.58333333333333
2024-07-09 16:15:00,90.625
2024-07-09 16:16:00,90.66666666666667
2024-07-09 16:17:00,90.70833333333333
2024-07-09 16:18:00,90.75
2024-07-09 16:19:00,90.79166666666667
2024-07-09 16:20:00,90.83333333333333
2024-07-09 16:21:00,90.875
2024-07-09 16:22:00,90.91666666666667
2024-07-09 16:23:00,90.95833333333333
2024-07-09 16:24:00,91.0
2024-07-09 16:25:00,91.04166666666667
2024-07-09 16:26:00,91.08333333333333
2024-07-09 16:27:00,91.125
2024-07-09 16:28:00,91.16666666666667
2024-07-09 16:29:00,91.20833333333333
2024-07-09 16:30:00,91.25
2024-07-09 16:31:00,91.29166666666667
2024-07-09 16:32:00,91.33333333333333
2024-07-09 16:33:00,91.375
2024-07-09 16:34:00,91.41666666666667
2024-07-09 16:35:00,91.45833333333333
2024-07-09 16:36:00,91.5
2024-07-09 16:37:00,91.54166666666667
2024-07-09 16:38:00,91.58333333333333
2024-07-09 16:39:00,91.625
2024-07-09 16:40:00,91.66666666666667
2024-07-09 16:41:00,91.70833333333333
2024-07-09 16:42:00,91.75
2024-07-09 16:43:00,91.79166666666667
2024-07-09 16:44:00,91.83333333333333
2024-07-09 16:45:00,91.875
2024-07-09 16:46:00,91.91666666666667
2024-07-09 16:47:00,91.95833333333333
2024-07-09 16:48:00,92.0
2024-07-09 16:49:00,92.04166666666667
2024-07-09 16:50:00,92.08333333333333
2024-07-09 16:51:00,92.125
2024-07-09 16:52:00,92.16666666666667
2024-07-09 16:53:00,92.20833333333333
2024-07-09 16:54:00,92.25
2024-07-09 16:55:00,92.29166666666667
2024-07-09 16:56:00,92.33333333333333
2024-07-09 16:57:00,92.375
2024-07-09 16:58:00,92.41666666666667
2024-07-09 16:59:00,92.45833333333333
2024-07-09 17:00:00,92.5
2024-07-09 17:01:00,92.54166666666667
2024-07-09 17:02:00,92.58333333333333
2024-07-09 17:03:00,92.625
2024-07-09 17:04:00,92.66666666666667
2024-07-09 17:05:00,92.70833333333333
2024-07-09 17:06:00,92.75
2024-07-09 17:07:00,92.79166666666667
2024-07-09 17:08:00,92.83333333333333
2024-07-09 17:09:00,92.875
2024-07-09 17:10:00,92.91666666666667
2024-07-09 17:11:00,92.95833333333333
2024-07-09 17:12:00,93.0
2024-07-09 17:13:00,93.04166666666667
2024-07-09 17:14:00,93.08333333333333
2024-07-09 17:15:00,93.125
2024-07-09 17:16:00,93.16666666666667
2024-07-09 17:17:00,93.20833333333333
2024-07-09 17:18:00,93.25
2024-07-09 17:19:00,93.29166666666667
2024-07-09 17:20:00,93.33333333333333
2024-07-09 17:21:00,93.375
2024-07-09 17:22:00,93.41666666666667
2024-07-09 17:23:00,93.45833333333333
2024-07-09 17:24:00,93.5
2024-07-09 17:25:00,93.54166666666667
2024-07-09 17:26:00,93.58333333333333
2024-07-09 17:27:00,93.625
2024-07-09 17:28:00,93.66666666666667
2024-07-09 17:29:00,93.70833333333333
2024-07-09 17:30:00,93.75
2024-07-09 17:31:00,93.79166666666667
2024-07-09 17:32:00,93.83333333333333
2024-07-09 17:33:00,93.875
2024-07-09 17:34:00,93.91666666666667
2024-07-09 17:35:00,93.95833333333333
2024-07-09 17:36:00,94.0
2024-07-09 17:37:00,94.04166666666667
2024-07-09 17:38:00,94.08333333333333
2024-07-09 17:39:00,94.125
2024-07-09 17:40:00,94.16666666666667
2024-07-09 17:41:00,94.20833333333333
2024-07-09 17:42:00,94.25
2024-07-09 17:43:00,94.29166666666667
2024-07-09 17:44:00,94.33333333333333
2024-07-09 17:45:00,94.375
2024-07-09 17:46:00,94.41666666666667
2024-07-09 17:47:00,94.45833333333333
2024-07-09 17:48:00,94.5
2024-07-09 17:49:00,94.54166666666667
2024-07-09 17:50:00,94.58333333333333
2024-07-09 17:51:00,94.625
2024-07-09 17:52:00,94.66666666666667
2024-07-09 17:53:00,94.70833333333333
2024-07-09 17:54:00,94.75
2024-07-09 17:55:00,94.79166666666667
2024-07-09 17:56:00,94.83333333333333
2024-07-09 17:57:00,94.875
2024-07-09 17:58:00,94.91666666666667
2024-07-09 17:59:00,94.95833333333333
2024-07-09 18:00:00,95.0
2024-07-09 18:01:00,95.04166666666667
2024-07-09 18:02:00,95.08333333333333
2024-07-09 18:03:00,95.125
2024-07-09 18:04:00,95.16666666666667
2024-07-09 18:05:00,95.20833333333333
2024-07-09 18:06:00,95.25
2024-07-09 18:07:00,95.29166666666667
2024-07-09 18:08:00,95.33333333333333
2024-07-09 18:09:00,95.375
2024-07-09 18:10:00,95.41666666666667
2024-07-09 18:11:00,95.45833333333333
2024-07-09 18:12:00,95.5
2024-07-09 18:13:00,95.54166666666667
2024-07-09 18:14:00,95.58333333333333
2024-07-09 18:15:00,95.625
2024-07-09 18:16:00,95.66666666666667
2024-07-09 18:17:00,95.70833333333333
2024-07-09 18:18:00,95.75
2024-07-09 18:19:00,95.79166666666667
2024-07-09 18:20:00,95.83333333333333
2024-07-09 18:21:00,95.875
2024-07-09 18:22:00,95.91666666666667
2024-07-09 18:23:00,95.95833333333333
2024-07-09 18:24:00,96.0
2024-07-09 18:25:00,96.04166666666667
2024-07-09 18:26:00,96.08333333333334
2024-07-09 18:27:00,96.125
2024-07-09 18:28:00,96.16666666666667
2024-07-09 18:29:00,96.20833333333333
2024-07-09 18:30:00,96.25
2024-07-09 18:31:00,96.29166666666667
2024-07-09 18:32:00,96.33333333333333
2024-07-09 18:33:00,96.375
2024-07-09 18:34:00,96.41666666666666
2024-07-09 18:35:00,96.45833333333333
2024-07-09 18:36:00,96.5
2024-07-09 18:37:00,96.54166666666666
2024-07-09 18:38:00,96.58333333333334
2024-07-09 18:39:00,96.625
2024-07-09 18:40:00,96.66666666666667
2024-07-09 18:41:00,96.70833333333334
2024-07-09 18:42:00,96.75
2024-07-09 18:43:00,96.79166666666667
2024-07-09 18:44:00,96.83333333333333
2024-07-09 18:45:00,96.875
2024-07-09 18:46:00,96.91666666666667
2024-07-09 18:47:00,96.95833333333333
2024-07-09 18:48:00,97.0
2024-07-09 18:49:00,97.04166666666666
2024-07-09 18:50:00,97.08333333333333
2024-07-09 18:51:00,97.125
2024-07-09 18:52:00,97.16666666666666
2024-07-09 18:53:00,97.20833333333334
2024-07-09 18:54:00,97.25
2024-07-09 18:55:00,97.29166666666667
2024-07-09 18:56:00,97.33333333333334
2024-07-09 18:57:00,97.375
2024-07-09 18:58:00,97.41666666666667
2024-07-09 18:59:00,97.45833333333333
2024-07-09 19:00:00,97.5
2024-07-09 19:01:00,97.54166666666667
2024-07-09 19:02:00,97.58333333333333
2024-07-09 19:03:00,97.625
2024-07-09 19:04:00,97.66666666666666
2024-07-09 19:05:00,97.70833333333333
2024-07-09 19:06:00,97.75
2024-07-09 19:07:00,97.79166666666666
2024-07-09 19:08:00,97.83333333333334
2024-07-09 19:09:00,97.875
2024-07-09 19:10:00,97.91666666666667
2024-07-09 19:11:00,97.95833333333334
2024-07-09 19:12:00,98.0
2024-07-09 19:13:00,98.04166666666667
2024-07-09 19:14:00,98.08333333333333
2024-07-09 19:15:00,98.125
2024-07-09 19:16:00,98.16666666666667
2024-07-09 19:17:00,98.20833333333333
2024-07-09 19:18:00,98.25
2024-07-09 19:19:00,98.29166666666666
2024-07-09 19:20:00,98.33333333333333
2024-07-09 19:21:00,98.375
2024-07-09 19:22:00,98.41666666666666
2024-07-09 19:23:00,98.45833333333334
2024-07-09 19:24:00,98.5
2024-07-09 19:25:00,98.54166666666667
2024-07-09 19:26:00,98.58333333333334
2024-07-09 19:27:00,98.625
2024-07-09 19:28:00,98.66666666666667
2024-07-09 19:29:00,98.70833333333333
2024-07-09 19:30:00,98.75
2024-07-09 19:31:00,98.79166666666667
2024-07-09 19:32:00,98.83333333333333
2024-07-09 19:33:00,98.875
2024-07-09 19:34:00,98.91666666666666
2024-07-09 19:35:00,98.95833333333333
2024-07-09 19:36:00,99.0
2024-07-09 19:37:00,99.04166666666666
2024-07-09 19:38:00,99.08333333333334
2024-07-09 19:39:00,99.125
2024-07-09 19:40:00,99.16666666666667
2024-07-09 19:41:00,99.20833333333334
2024-07-09 19:42:00,99.25
2024-07-09 19:43:00,99.29166666666667
2024-07-09 19:44:00,99.33333333333333
2024-07-09 19:45:00,99.375
2024-07-09 19:46:00,99.41666666666667
2024-07-09 19:47:00,99.45833333333333
2024-07-09 19:48:00,99.5
2024-07-09 19:49:00,99.54166666666666
2024-07-09 19:50:00,99.58333333333333
2024-07-09 19:51:00,99.625
2024-07-09 19:52:00,99.66666666666666
2024-07-09 19:53:00,99.70833333333334
2024-07-09 19:54:00,99.75
2024-07-09 19:55:00,99.79166666666667
2024-07-09 19:56:00,99.83333333333334
2024-07-09 19:57:00,99.875
2024-07-09 19:58:00,99.91666666666667
2024-07-09 19:59:00,99.95833333333333
2024-07-09 20:00:00,100.0
2024-07-09 20:01:00,100.04166666666667
2024-07-09 20:02:00,100.08333333333333
2024-07-09 20:03:00,100.125
2024-07-09 20:04:00,100.16666666666666
2024-07-09 20:05:00,100.20833333333334
2024-07-09 20:06:00,100.25
2024-07-09 20:07:00,100.29166666666667
2024-07-09 20:08:00,100.33333333333333
2024-07-09 20:09:00,100.375
2024-07-09 20:10:00,100.41666666666666
2024-07-09 20:11:00,100.45833333333334
2024-07-09 20:12:00,100.5
2024-07-09 20:13:00,100.54166666666667
2024-07-09 20:14:00,100.58333333333333
2024-07-09 20:15:00,100.625
2024-07-09 20:16:00,100.66666666666667
2024-07-09 20:17:00,100.70833333333333
2024-07-09 20:18:00,100.75
2024-07-09 20:19:00,100.79166666666666
2024-07-09 20:20:00,100.83333333333334
2024-07-09 20:21:00,100.875
2024-07-09 20:22:00,100.91666666666667
2024-07-09 20:23:00,100.95833333333333
2024-07-09 20:24:00,101.0
2024-07-09 20:25:00,101.04166666666666
2024-07-09 20:26:00,101.08333333333334
2024-07-09 20:27:00,101.125
2024-07-09 20:28:00,101.16666666666667
2024-07-09 20:29:00,101.20833333333333
2024-07-09 20:30:00,101.25
2024-07-09 20:31:00,101.29166666666667
2024-07-09 20:32:00,101.33333333333333
2024-07-09 20:33:00,101.375
2024-07-09 20:34:00,101.41666666666666
2024-07-09 20:35:00,101.45833333333334
2024-07-09 20:36:00,101.5
2024-07-09 20:37:00,101.54166666666667
2024-07-09 20:38:00,101.58333333333333
2024-07-09 20:39:00,101.625
2024-07-09 20:40:00,101.66666666666666
2024-07-09 20:41:00,101.70833333333334
2024-07-09 20:42:00,101.75
2024-07-09 20:43:00,101.79166666666667
2024-07-09 20:44:00,101.83333333333333
2024-07-09 20:45:00,101.875
2024-07-09 20:46:00,101.91666666666667
2024-07-09 20:47:00,101.95833333333333
2024-07-09 20:48:00,102.0
2024-07-09 20:49:00,102.04166666666666
2024-07-09 20:50:00,102.08333333333334
2024-07-09 20:51:00,102.125
2024-07-09 20:52:00,102.16666666666667
2024-07-09 20:53:00,102.20833333333333
2024-07-09 20:54:00,102.25
2024-07-09 20:55:00,102.29166666666666
2024-07-09 20:56:00,102.33333333333334
2024-07-09 20:57:00,102.375
2024-07-09 20:58:00,102.41666666666667
2024-07-09 20:59:00,102.45833333333333
2024-07-09 21:00:00,102.5
2024-07-09 21:01:00,102.54166666666667
2024-07-09 21:02:00,102.58333333333333
2024-07-09 21:03:00,102.625
2024-07-09 21:04:00,102.66666666666666
2024-07-09 21:05:00,102.70833333333334
2024-07-09 21:06:00,102.75
2024-07-09 21:07:00,102.79166666666667
2024-07-09 21:08:00,102.83333333333333
2024-07-09 21:09:00,102.875
2024-07-09 21:10:00,102.91666666666666
2024-07-09 21:11:00,102.95833333333334
2024-07-09 21:12:00,103.0
2024-07-09 21:13:00,103.04166666666667
2024-07-09 21:14:00,103.08333333333333
2024-07-09 21:15:00,103.125
2024-07-09 21:16:00,103.16666666666667
2024-07-09 21:17:00,103.20833333333333
2024-07-09 21:18:00,103.25
2024-07-09 21:19:00,103.29166666666666
2024-07-09 21:20:00,103.33333333333334
2024-07-09 21:21:00,103.375
2024-07-09 21:22:00,103.41666666666667
2024-07-09 21:23:00,103.45833333333333
2024-07-09 21:24:00,103.5
2024-07-09 21:25:00,103.54166666666666
2024-07-09 21:26:00,103.58333333333334
2024-07-09 21:27:00,103.625
2024-07-09 21:28:00,103.66666666666667
2024-07-09 21:29:00,103.70833333333333
2024-07-09 21:30:00,103.75
2024-07-09 21:31:00,103.79166666666667
2024-07-09 21:32:00,103.83333333333333
2024-07-09 21:33:00,103.875
2024-07-09 21:34:00,103.91666666666666
2024-07-09 21:35:00,103.95833333333334
2024-07-09 21:36:00,104.0
2024-07-09 21:37:00,104.04166666666667
2024-07-09 21:38:00,104.08333333333333
2024-07-09 21:39:00,104.125
2024-07-09 21:40:00,104.16666666666666
2024-07-09 21:41:00,104.20833333333334
2024-07-09 21:42:00,104.25
2024-07-09 21:43:00,104.29166666666667
2024-07-09 21:44:00,104.33333333333333
2024-07-09 21:45:00,104.375
2024-07-09 21:46:00,104.41666666666667
2024-07-09 21:47:00,104.45833333333333
2024-07-09 21:48:00,104.5
2024-07-09 21:49:00,104.54166666666666
2024-07-09 21:50:00,104.58333333333334
2024-07-09 21:51:00,104.625
2024-07-09 21:52:00,104.66666666666667
2024-07-09 21:53:00,104.70833333333333
2024-07-09 21:54:00,104.75
2024-07-09 21:55:00,104.79166666666666
2024-07-09 21:56:00,104.83333333333334
2024-07-09 21:57:00,104.875
2024-07-09 21:58:00,104.91666666666667
2024-07-09 21:59:00,104.95833333333333
2024-07-09 22:00:00,105.0
2024-07-09 22:01:00,105.04166666666667
2024-07-09 22:02:00,105.08333333333333
2024-07-09 22:03:00,105.125
2024-07-09 22:04:00,105.16666666666666
2024-07-09 22:05:00,105.20833333333334
2024-07-09 22:06:00,105.25
2024-07-09 22:07:00,105.29166666666667
2024-07-09 22:08:00,105.33333333333333
2024-07-09 22:09:00,105.375
2024-07-09 22:10:00,105.41666666666666
2024-07-09 22:11:00,105.45833333333334
2024-07-09 22:12:00,105.5
2024-07-09 22:13:00,105.54166666666667
2024-07-09 22:14:00,105.58333333333333
2024-07-09 22:15:00,105.625
2024-07-09 22:16:00,105.66666666666667
2024-07-09 22:17:00,105.70833333333333
2024-07-09 22:18:00,105.75
2024-07-09 22:19:00,105.79166666666666
2024-07-09 22:20:00,105.83333333333334
2024-07-09 22:21:00,105.875
2024-07-09 22:22:00,105.91666666666667
2024-07-09 22:23:00,105.95833333333333
2024-07-09 22:24:00,106.0
2024-07-09 22:25:00,106.04166666666666
2024-07-09 22:26:00,106.08333333333334
2024-07-09 22:27:00,106.125
2024-07-09 22:28:00,106.16666666666667
2024-07-09 22:29:00,106.20833333333333
2024-07-09 22:30:00,106.25
2024-07-09 22:31:00,106.29166666666667
2024-07-09 22:32:00,106.33333333333333
2024-07-09 22:33:00,106.375
2024-07-09 22:34:00,106.41666666666666
2024-07-09 22:35:00,106.45833333333334
2024-07-09 22:36:00,106.5
2024-07-09 22:37:00,106.54166666666667
2024-07-09 22:38:00,106.58333333333333
2024-07-09 22:39:00,106.625
2024-07-09 22:40:00,106.66666666666666
2024-07-09 22:41:00,106.70833333333334
2024-07-09 22:42:00,106.75
2024-07-09 22:43:00,106.79166666666667
2024-07-09 22:44:00,106.83333333333333
2024-07-09 22:45:00,106.875
2024-07-09 22:46:00,106.91666666666667
2024-07-09 22:47:00,106.95833333333333
2024-07-09 22:48:00,107.0
2024-07-09 22:49:00,107.04166666666666
2024-07-09 22:50:00,107.08333333333334
2024-07-09 22:51:00,107.125
2024-07-09 22:52:00,107.16666666666667
2024-07-09 22:53:00,107.20833333333333
2024-07-09 22:54:00,107.25
2024-07-09 22:55:00,107.29166666666666
2024-07-09 22:56:00,107.33333333333334
2024-07-09 22:57:00,107.375
2024-07-09 22:58:00,107.41666666666667
2024-07-09 22:59:00,107.45833333333333
2024-07-09 23:00:00,107.5
2024-07-09 23:01:00,107.54166666666667
2024-07-09 23:02:00,107.58333333333333
2024-07-09 23:03:00,107.625
2024-07-09 23:04:00,107.66666666666666
2024-07-09 23:05:00,107.70833333333334
2024-07-09 23:06:00,107.75
2024-07-09 23:07:00,107.79166666666667
2024-07-09 23:08:00,107.83333333333333
2024-07-09 23:09:00,107.875
2024-07-09 23:10:00,107.91666666666666
2024-07-09 23:11:00,107.95833333333334
2024-07-09 23:12:00,108.0
2024-07-09 23:13:00,108.04166666666667
2024-07-09 23:14:00,108.08333333333333
2024-07-09 23:15:00,108.125
2024-07-09 23:16:00,108.16666666666667
2024-07-09 23:17:00,108.20833333333333
2024-07-09 23:18:00,108.25
2024-07-09 23:19:00,108.29166666666666
2024-07-09 23:20:00,108.33333333333334
2024-07-09 23:21:00,108.375
2024-07-09 23:22:00,108.41666666666667
2024-07-09 23:23:00,108.45833333333333
2024-07-09 23:24:00,108.5
2024-07-09 23:25:00,108.54166666666666
2024-07-09 23:26:00,108.58333333333334
2024-07-09 23:27:00,108.625
2024-07-09 23:28:00,108.66666666666667
2024-07-09 23:29:00,108.70833333333333
2024-07-09 23:30:00,108.75
2024-07-09 23:31:00,108.79166666666667
2024-07-09 23:32:00,108.83333333333333
2024-07-09 23:33:00,108.875
2024-07-09 23:34:00,108.91666666666666
2024-07-09 23:35:00,108.95833333333334
2024-07-09 23:36:00,109.0
2024-07-09 23:37:00,109.04166666666667
2024-07-09 23:38:00,109.08333333333333
2024-07-09 23:39:00,109.125
2024-07-09 23:40:00,109.16666666666666
2024-07-09 23:41:00,109.20833333333334
2024-07-09 23:42:00,109.25
2024-07-09 23:43:00,109.29166666666667
2024-07-09 23:44:00,109.33333333333333
2024-07-09 23:45:00,109.375
2024-07-09 23:46:00,109.41666666666667
2024-07-09 23:47:00,109.45833333333333
2024-07-09 23:48:00,109.5
2024-07-09 23:49:00,109.54166666666666
2024-07-09 23:50:00,109.58333333333334
2024-07-09 23:51:00,109.625
2024-07-09 23:52:00,109.66666666666667
2024-07-09 23:53:00,109.70833333333333
2024-07-09 23:54:00,109.75
2024-07-09 23:55:00,109.79166666666666
2024-07-09 23:56:00,109.83333333333334
2024-07-09 23:57:00,109.875
2024-07-09 23:58:00,109.91666666666667
2024-07-09 23:59:00,109.95833333333333
2024-07-10 00:00:00,110.0
2024-07-10 00:01:00,110.04166666666667
2024-07-10 00:02:00,110.08333333333333
2024-07-10 00:03:00,110.125
2024-07-10 00:04:00,110.16666666666666
2024-07-10 00:05:00,110.20833333333334
2024-07-10 00:06:00,110.25
2024-07-10 00:07:00,110.29166666666667
2024-07-10 00:08:00,110.33333333333333
2024-07-10 00:09:00,110.375
2024-07-10 00:10:00,110.41666666666666
2024-07-10 00:11:00,110.45833333333334
2024-07-10 00:12:00,110.5
2024-07-10 00:13:00,110.54166666666667
2024-07-10 00:14:00,110.58333333333333
2024-07-10 00:15:00,110.625
2024-07-10 00:16:00,110.66666666666667
2024-07-10 00:17:00,110.70833333333333
2024-07-10 00:18:00,110.75
2024-07-10 00:19:00,110.79166666666666
2024-07-10 00:20:00,110.83333333333334
2024-07-10 00:21:00,110.875
2024-07-10 00:22:00,110.91666666666667
2024-07-10 00:23:00,110.95833333333333
2024-07-10 00:24:00,111.0
2024-07-10 00:25:00,111.04166666666666
2024-07-10 00:26:00,111.08333333333334
2024-07-10 00:27:00,111.125
2024-07-10 00:28:00,111.16666666666667
2024-07-10 00:29:00,111.20833333333333
2024-07-10 00:30:00,111.25
2024-07-10 00:31:00,111.29166666666667
2024-07-10 00:32:00,111.33333333333333
2024-07-10 00:33:00,111.375
2024-07-10 00:34:00,111.41666666666666
2024-07-10 00:35:00,111.45833333333334
2024-07-10 00:36:00,111.5
2024-07-10 00:37:00,111.54166666666667
2024-07-10 00:38:00,111.58333333333333
2024-07-10 00:39:00,111.625
2024-07-10 00:40:00,111.66666666666666
2024-07-10 00:41:00,111.70833333333334
2024-07-10 00:42:00,111.75
2024-07-10 00:43:00,111.79166666666667
2024-07-10 00:44:00,111.83333333333333
2024-07-10 00:45:00,111.875
2024-07-10 00:46:00,111.91666666666667
2024-07-10 00:47:00,111.95833333333333
2024-07-10 00:48:00,112.0
2024-07-10 00:49:00,112.04166666666666
2024-07-10 00:50:00,112.08333333333334
2024-07-10 00:51:00,112.125
2024-07-10 00:52:00,112.16666666666667
2024-07-10 00:53:00,112.20833333333333
2024-07-10 00:54:00,112.25
2024-07-10 00:55:00,112.29166666666666
2024-07-10 00:56:00,112.33333333333334
2024-07-10 00:57:00,112.375
2024-07-10 00:58:00,112.41666666666666
2024-07-10 00:59:00,112.45833333333333
2024-07-10 01:00:00,112.5
2024-07-10 01:01:00,112.54166666666667
2024-07-10 01:02:00,112.58333333333334
2024-07-10 01:03:00,112.625
2024-07-10 01:04:00,112.66666666666666
2024-07-10 01:05:00,112.70833333333334
2024-07-10 01:06:00,112.75
2024-07-10 01:07:00,112.79166666666667
2024-07-10 01:08:00,112.83333333333333
2024-07-10 01:09:00,112.875
2024-07-10 01:10:00,112.91666666666666
2024-07-10 01:11:00,112.95833333333334
2024-07-10 01:12:00,113.0
2024-07-10 01:13:00,113.04166666666666
2024-07-10 01:14:00,113.08333333333333
2024-07-10 01:15:00,113.125
2024-07-10 01:16:00,113.16666666666667
2024-07-10 01:17:00,113.20833333333334
2024-07-10 01:18:00,113.25
2024-07-10 01:19:00,113.29166666666666
2024-07-10 01:20:00,113.33333333333334
2024-07-10 01:21:00,113.375
2024-07-10 01:22:00,113.41666666666667
2024-07-10 01:23:00,113.45833333333333
2024-07-10 01:24:00,113.5
2024-07-10 01:25:00,113.54166666666666
2024-07-10 01:26:00,113.58333333333334
2024-07-10 01:27:00,113.625
2024-07-10 01:28:00,113.66666666666666
2024-07-10 01:29:00,113.70833333333333
2024-07-10 01:30:00,113.75
2024-07-10 01:31:00,113.79166666666667
2024-07-10 01:32:00,113.83333333333334
2024-07-10 01:33:00,113.875
2024-07-10 01:34:00,113.91666666666666
2024-07-10 01:35:00,113.95833333333334
2024-07-10 01:36:00,114.0
2024-07-10 01:37:00,114.04166666666667
2024-07-10 01:38:00,114.08333333333333
2024-07-10 01:39:00,114.125
2024-07-10 01:40:00,114.16666666666666
2024-07-10 01:41:00,114.20833333333334
2024-07-10 01:42:00,114.25
2024-07-10 01:43:00,114.29166666666666
2024-07-10 01:44:00,114.33333333333333
2024-07-10 01:45:00,114.375
2024-07-10 01:46:00,114.41666666666667
2024-07-10 01:47:00,114.45833333333334
2024-07-10 01:48:00,114.5
2024-07-10 01:49:00,114.54166666666666
2024-07-10 01:50:00,114.58333333333334
2024-07-10 01:51:00,114.625
2024-07-10 01:52:00,114.66666666666667
2024-07-10 01:53:00,114.70833333333333
2024-07-10 01:54:00,114.75
2024-07-10 01:55:00,114.79166666666666
2024-07-10 01:56:00,114.83333333333334
2024-07-10 01:57:00,114.875
2024-07-10 01:58:00,114.91666666666666
2024-07-10 01:59:00,114.95833333333333
2024-07-10 02:00:00,115.0
2024-07-10 02:01:00,115.04166666666667
2024-07-10 02:02:00,115.08333333333334
2024-07-10 02:03:00,115.125
2024-07-10 02:04:00,115.16666666666666
2024-07-10 02:05:00,115.20833333333334
2024-07-10 02:06:00,115.25
2024-07-10 02:07:00,115.29166666666667
2024-07-10 02:08:00,115.33333333333333
2024-07-10 02:09:00,115.375
2024-07-10 02:10:00,115.41666666666666
2024-07-10 02:11:00,115.45833333333334
2024-07-10 02:12:00,115.5
2024-07-10 02:13:00,115.54166666666666
2024-07-10 02:14:00,115.58333333333333
2024-07-10 02:15:00,115.625
2024-07-10 02:16:00,115.66666666666667
2024-07-10 02:17:00,115.70833333333334
2024-07-10 02:18:00,115.75
2024-07-10 02:19:00,115.79166666666666
2024-07-10 02:20:00,115.83333333333334
2024-07-10 02:21:00,115.875
2024-07-10 02:22:00,115.91666666666667
2024-07-10 02:23:00,115.95833333333333
2024-07-10 02:24:00,116.0
2024-07-10 02:25:00,116.04166666666666
2024-07-10 02:26:00,116.08333333333334
2024-07-10 02:27:00,116.125
2024-07-10 02:28:00,116.16666666666666
2024-07-10 02:29:00,116.20833333333333
2024-07-10 02:30:00,116.25
2024-07-10 02:31:00,116.29166666666667
2024-07-10 02:32:00,116.33333333333334
2024-07-10 02:33:00,116.375
2024-07-10 02:34:00,116.41666666666666
2024-07-10 02:35:00,116.45833333333334
2024-07-10 02:36:00,116.5
2024-07-10 02:37:00,116.54166666666667
2024-07-10 02:38:00,116.58333333333333
2024-07-10 02:39:00,116.625
2024-07-10 02:40:00,116.66666666666666
2024-07-10 02:41:00,116.70833333333334
2024-07-10 02:42:00,116.75
2024-07-10 02:43:00,116.79166666666666
2024-07-10 02:44:00,116.83333333333333
2024-07-10 02:45:00,116.875
2024-07-10 02:46:00,116.91666666666667
2024-07-10 02:47:00,116.95833333333334
2024-07-10 02:48:00,117.0
2024-07-10 02:49:00,117.04166666666666
2024-07-10 02:50:00,117.08333333333334
2024-07-10 02:51:00,117.125
2024-07-10 02:52:00,117.16666666666667
2024-07-10 02:53:00,117.20833333333333
2024-07-10 02:54:00,117.25
2024-07-10 02:55:00,117.29166666666666
2024-07-10 02:56:00,117.33333333333334
2024-07-10 02:57:00,117.375
2024-07-10 02:58:00,117.41666666666666
2024-07-10 02:59:00,117.45833333333333
2024-07-10 03:00:00,117.5
2024-07-10 03:01:00,117.54166666666667
2024-07-10 03:02:00,117.58333333333334
2024-07-10 03:03:00,117.625
2024-07-10 03:04:00,117.66666666666666
2024-07-10 03:05:00,117.70833333333334
2024-07-10 03:06:00,117.75
2024-07-10 03:07:00,117.79166666666667
2024-07-10 03:08:00,117.83333333333333
2024-07-10 03:09:00,117.875
2024-07-10 03:10:00,117.91666666666666
2024-07-10 03:11:00,117.95833333333334
2024-07-10 03:12:00,118.0
2024-07-10 03:13:00,118.04166666666666
2024-07-10 03:14:00,118.08333333333333
2024-07-10 03:15:00,118.125
2024-07-10 03:16:00,118.16666666666667
2024-07-10 03:17:00,118.20833333333334
2024-07-10 03:18:00,118.25
2024-07-10 03:19:00,118.29166666666666
2024-07-10 03:20:00,118.33333333333334
2024-07-10 03:21:00,118.375
2024-07-10 03:22:00,118.41666666666667
2024-07-10 03:23:00,118.45833333333333
2024-07-10 03:24:00,118.5
2024-07-10 03:25:00,118.54166666666666
2024-07-10 03:26:00,118.58333333333334
2024-07-10 03:27:00,118.625
2024-07-10 03:28:00,118.66666666666666
2024-07-10 03:29:00,118.70833333333333
2024-07-10 03:30:00,118.75
2024-07-10 03:31:00,118.79166666666667
2024-07-10 03:32:00,118.83333333333334
2024-07-10 03:33:00,118.875
2024-07-10 03:34:00,118.91666666666666
2024-07-10 03:35:00,118.95833333333334
2024-07-10 03:36:00,119.0
2024-07-10 03:37:00,119.04166666666667
2024-07-10 03:38:00,119.08333333333333
2024-07-10 03:39:00,119.125
2024-07-10 03:40:00,119.16666666666666
2024-07-10 03:41:00,119.20833333333334
2024-07-10 03:42:00,119.25
2024-07-10 03:43:00,119.29166666666666
2024-07-10 03:44:00,119.33333333333333
2024-07-10 03:45:00,119.375
2024-07-10 03:46:00,119.41666666666667
2024-07-10 03:47:00,119.45833333333334
2024-07-10 03:48:00,119.5
2024-07-10 03:49:00,119.54166666666666
2024-07-10 03:50:00,119.58333333333334
2024-07-10 03:51:00,119.625
2024-07-10 03:52:00,119.66666666666667
2024-07-10 03:53:00,119.70833333333333
2024-07-10 03:54:00,119.75
2024-07-10 03:55:00,119.79166666666666
2024-07-10 03:56:00,119.83333333333334
2024-07-10 03:57:00,119.875
2024-07-10 03:58:00,119.91666666666666
2024-07-10 03:59:00,119.95833333333333
2024-07-10 04:00:00,120.0
2024-07-10 04:01:00,120.04166666666666
2024-07-10 04:02:00,120.08333333333334
2024-07-10 04:03:00,120.125
2024-07-10 04:04:00,120.16666666666666
2024-07-10 04:05:00,120.20833333333333
2024-07-10 04:06:00,120.25
2024-07-10 04:07:00,120.29166666666667
2024-07-10 04:08:00,120.33333333333333
2024-07-10 04:09:00,120.375
2024-07-10 04:10:00,120.41666666666667
2024-07-10 04:11:00,120.45833333333334
2024-07-10 04:12:00,120.5
2024-07-10 04:13:00,120.54166666666666
2024-07-10 04:14:00,120.58333333333334
2024-07-10 04:15:00,120.625
2024-07-10 04:16:00,120.66666666666666
2024-07-10 04:17:00,120.70833333333334
2024-07-10 04:18:00,120.75
2024-07-10 04:19:00,120.79166666666666
2024-07-10 04:20:00,120.83333333333333
2024-07-10 04:21:00,120.875
2024-07-10 04:22:00,120.91666666666667
2024-07-10 04:23:00,120.95833333333333
2024-07-10 04:24:00,121.0
2024-07-10 04:25:00,121.04166666666667
2024-07-10 04:26:00,121.08333333333334
2024-07-10 04:27:00,121.125
2024-07-10 04:28:00,121.16666666666666
2024-07-10 04:29:00,121.20833333333334
2024-07-10 04:30:00,121.25
2024-07-10 04:31:00,121.29166666666666
2024-07-10 04:32:00,121.33333333333334
2024-07-10 04:33:00,121.375
2024-07-10 04:34:00,121.41666666666666
2024-07-10 04:35:00,121.45833333333333
2024-07-10 04:36:00,121.5
2024-07-10 04:37:00,121.54166666666667
2024-07-10 04:38:00,121.58333333333333
2024-07-10 04:39:00,121.625
2024-07-10 04:40:00,121.66666666666667
2024-07-10 04:41:00,121.70833333333334
2024-07-10 04:42:00,121.75
2024-07-10 04:43:00,121.79166666666666
2024-07-10 04:44:00,121.83333333333334
2024-07-10 04:45:00,121.875
2024-07-10 04:46:00,121.91666666666666
2024-07-10 04:47:00,121.95833333333334
2024-07-10 04:48:00,122.0
2024-07-10 04:49:00,122.04166666666666
2024-07-10 04:50:00,122.08333333333333
2024-07-10 04:51:00,122.125
2024-07-10 04:52:00,122.16666666666667
2024-07-10 04:53:00,122.20833333333333
2024-07-10 04:54:00,122.25
2024-07-10 04:55:00,122.29166666666667
2024-07-10 04:56:00,122.33333333333334
2024-07-10 04:57:00,122.375
2024-07-10 04:58:00,122.41666666666666
2024-07-10 04:59:00,122.45833333333334
2024-07-10 05:00:00,122.5
2024-07-10 05:01:00,122.54166666666666
2024-07-10 05:02:00,122.58333333333334
2024-07-10 05:03:00,122.625
2024-07-10 05:04:00,122.66666666666666
2024-07-10 05:05:00,122.70833333333333
2024-07-10 05:06:00,122.75
2024-07-10 05:07:00,122.79166666666667
2024-07-10 05:08:00,122.83333333333333
2024-07-10 05:09:00,122.875
2024-07-10 05:10:00,122.91666666666667
2024-07-10 05:11:00,122.95833333333334
2024-07-10 05:12:00,123.0
2024-07-10 05:13:00,123.04166666666666
2024-07-10 05:14:00,123.08333333333334
2024-07-10 05:15:00,123.125
2024-07-10 05:16:00,123.16666666666666
2024-07-10 05:17:00,123.20833333333334
2024-07-10 05:18:00,123.25
2024-07-10 05:19:00,123.29166666666666
2024-07-10 05:20:00,123.33333333333333
2024-07-10 05:21:00,123.375
2024-07-10 05:22:00,123.41666666666667
2024-07-10 05:23:00,123.45833333333333
2024-07-10 05:24:00,123.5
2024-07-10 05:25:00,123.54166666666667
2024-07-10 05:26:00,123.58333333333334
2024-07-10 05:27:00,123.625
2024-07-10 05:28:00,123.66666666666666
2024-07-10 05:29:00,123.70833333333334
2024-07-10 05:30:00,123.75
2024-07-10 05:31:00,123.79166666666666
2024-07-10 05:32:00,123.83333333333334
2024-07-10 05:33:00,123.875
2024-07-10 05:34:00,123.91666666666666
2024-07-10 05:35:00,123.95833333333333
2024-07-10 05:36:00,124.0
2024-07-10 05:37:00,124.04166666666667
2024-07-10 05:38:00,124.08333333333333
2024-07-10 05:39:00,124.125
2024-07-10 05:40:00,124.16666666666667
2024-07-10 05:41:00,124.20833333333334
2024-07-10 05:42:00,124.25
2024-07-10 05:43:00,124.29166666666666
2024-07-10 05:44:00,124.33333333333334
2024-07-10 05:45:00,124.375
2024-07-10 05:46:00,124.41666666666666
2024-07-10 05:47:00,124.45833333333334
2024-07-10 05:48:00,124.5
2024-07-10 05:49:00,124.54166666666666
2024-07-10 05:50:00,124.58333333333333
2024-07-10 05:51:00,124.625
2024-07-10 05:52:00,124.66666666666667
2024-07-10 05:53:00,124.70833333333333
2024-07-10 05:54:00,124.75
2024-07-10 05:55:00,124.79166666666667
2024-07-10 05:56:00,124.83333333333334
2024-07-10 05:57:00,124.875
2024-07-10 05:58:00,124.91666666666666
2024-07-10 05:59:00,124.95833333333334
2024-07-10 06:00:00,125.0
2024-07-10 06:01:00,125.04166666666666
2024-07-10 06:02:00,125.08333333333334
2024-07-10 06:03:00,125.125
2024-07-10 06:04:00,125.16666666666666
2024-07-10 06:05:00,125.20833333333333
2024-07-10 06:06:00,125.25
2024-07-10 06:07:00,125.29166666666667
2024-07-10 06:08:00,125.33333333333333
2024-07-10 06:09:00,125.375
2024-07-10 06:10:00,125.41666666666667
2024-07-10 06:11:00,125.45833333333334
2024-07-10 06:12:00,125.5
2024-07-10 06:13:00,125.54166666666666
2024-07-10 06:14:00,125.58333333333334
2024-07-10 06:15:00,125.625
2024-07-10 06:16:00,125.66666666666666
2024-07-10 06:17:00,125.70833333333334
2024-07-10 06:18:00,125.75
2024-07-10 06:19:00,125.79166666666666
2024-07-10 06:20:00,125.83333333333333
2024-07-10 06:21:00,125.875
2024-07-10 06:22:00,125.91666666666667
2024-07-10 06:23:00,125.95833333333333
2024-07-10 06:24:00,126.0
2024-07-10 06:25:00,126.04166666666667
2024-07-10 06:26:00,126.08333333333334
2024-07-10 06:27:00,126.125
2024-07-10 06:28:00,126.16666666666666
2024-07-10 06:29:00,126.20833333333334
2024-07-10 06:30:00,126.25
2024-07-10 06:31:00,126.29166666666666
2024-07-10 06:32:00,126.33333333333334
2024-07-10 06:33:00,126.375
2024-07-10 06:34:00,126.41666666666666
2024-07-10 06:35:00,126.45833333333333
2024-07-10 06:36:00,126.5
2024-07-10 06:37:00,126.54166666666667
2024-07-10 06:38:00,126.58333333333333
2024-07-10 06:39:00,126.625
2024-07-10 06:40:00,126.66666666666667
2024-07-10 06:41:00,126.70833333333334
2024-07-10 06:42:00,126.75
2024-07-10 06:43:00,126.79166666666666
2024-07-10 06:44:00,126.83333333333334
2024-07-10 06:45:00,126.875
2024-07-10 06:46:00,126.91666666666666
2024-07-10 06:47:00,126.95833333333334
2024-07-10 06:48:00,127.0
2024-07-10 06:49:00,127.04166666666666
2024-07-10 06:50:00,127.08333333333333
2024-07-10 06:51:00,127.125
2024-07-10 06:52:00,127.16666666666667
2024-07-10 06:53:00,127.20833333333333
2024-07-10 06:54:00,127.25
2024-07-10 06:55:00,127.29166666666667
2024-07-10 06:56:00,127.33333333333334
2024-07-10 06:57:00,127.375
2024-07-10 06:58:00,127.41666666666666
2024-07-10 06:59:00,127.45833333333334
2024-07-10 07:00:00,127.5
2024-07-10 07:01:00,127.54166666666666
2024-07-10 07:02:00,127.58333333333334
2024-07-10 07:03:00,127.625
2024-07-10 07:04:00,127.66666666666666
2024-07-10 07:05:00,127.70833333333333
2024-07-10 07:06:00,127.75
2024-07-10 07:07:00,127.79166666666667
2024-07-10 07:08:00,127.83333333333333
2024-07-10 07:09:00,127.875
2024-07-10 07:10:00,127.91666666666667
2024-07-10 07:11:00,127.95833333333334
2024-07-10 07:12:00,128.0
2024-07-10 07:13:00,128.04166666666666
2024-07-10 07:14:00,128.08333333333334
2024-07-10 07:15:00,128.125
2024-07-10 07:16:00,128.16666666666666
2024-07-10 07:17:00,128.20833333333334
2024-07-10 07:18:00,128.25
2024-07-10 07:19:00,128.29166666666666
2024-07-10 07:20:00,128.33333333333331
2024-07-10 07:21:00,128.375
2024-07-10 07:22:00,128.41666666666669
2024-07-10 07:23:00,128.45833333333331
2024-07-10 07:24:00,128.5
2024-07-10 07:25:00,128.54166666666669
2024-07-10 07:26:00,128.58333333333334
2024-07-10 07:27:00,128.625
2024-07-10 07:28:00,128.66666666666666
2024-07-10 07:29:00,128.70833333333334
2024-07-10 07:30:00,128.75
2024-07-10 07:31:00,128.79166666666666
2024-07-10 07:32:00,128.83333333333334
2024-07-10 07:33:00,128.875
2024-07-10 07:34:00,128.91666666666666
2024-07-10 07:35:00,128.95833333333331
2024-07-10 07:36:00,129.0
2024-07-10 07:37:00,129.04166666666669
2024-07-10 07:38:00,129.08333333333331
2024-07-10 07:39:00,129.125
2024-07-10 07:40:00,129.16666666666669
2024-07-10 07:41:00,129.20833333333334
2024-07-10 07:42:00,129.25
2024-07-10 07:43:00,129.29166666666666
2024-07-10 07:44:00,129.33333333333334
2024-07-10 07:45:00,129.375
2024-07-10 07:46:00,129.41666666666666
2024-07-10 07:47:00,129.45833333333334
2024-07-10 07:48:00,129.5
2024-07-10 07:49:00,129.54166666666666
2024-07-10 07:50:00,129.58333333333331
2024-07-10 07:51:00,129.625
2024-07-10 07:52:00,129.66666666666669
2024-07-10 07:53:00,129.70833333333331
2024-07-10 07:54:00,129.75
2024-07-10 07:55:00,129.79166666666669
2024-07-10 07:56:00,129.83333333333334
2024-07-10 07:57:00,129.875
2024-07-10 07:58:00,129.91666666666666
2024-07-10 07:59:00,129.95833333333334
2024-07-10 08:00:00,130.0
2024-07-10 08:01:00,130.04166666666666
2024-07-10 08:02:00,130.08333333333334
2024-07-10 08:03:00,130.125
2024-07-10 08:04:00,130.16666666666666
2024-07-10 08:05:00,130.20833333333331
2024-07-10 08:06:00,130.25
2024-07-10 08:07:00,130.29166666666669
2024-07-10 08:08:00,130.33333333333331
2024-07-10 08:09:00,130.375
2024-07-10 08:10:00,130.41666666666669
2024-07-10 08:11:00,130.45833333333334
2024-07-10 08:12:00,130.5
2024-07-10 08:13:00,130.54166666666666
2024-07-10 08:14:00,130.58333333333334
2024-07-10 08:15:00,130.625
2024-07-10 08:16:00,130.66666666666666
2024-07-10 08:17:00,130.70833333333334
2024-07-10 08:18:00,130.75
2024-07-10 08:19:00,130.79166666666666
2024-07-10 08:20:00,130.83333333333331
2024-07-10 08:21:00,130.875
2024-07-10 08:22:00,130.91666666666669
2024-07-10 08:23:00,130.95833333333331
2024-07-10 08:24:00,131.0
2024-07-10 08:25:00,131.04166666666669
2024-07-10 08:26:00,131.08333333333334
2024-07-10 08:27:00,131.125
2024-07-10 08:28:00,131.16666666666666
2024-07-10 08:29:00,131.20833333333334
2024-07-10 08:30:00,131.25
2024-07-10 08:31:00,131.29166666666666
2024-07-10 08:32:00,131.33333333333334
2024-07-10 08:33:00,131.375
2024-07-10 08:34:00,131.41666666666666
2024-07-10 08:35:00,131.45833333333331
2024-07-10 08:36:00,131.5
2024-07-10 08:37:00,131.54166666666669
2024-07-10 08:38:00,131.58333333333331
2024-07-10 08:39:00,131.625
2024-07-10 08:40:00,131.66666666666669
2024-07-10 08:41:00,131.70833333333334
2024-07-10 08:42:00,131.75
2024-07-10 08:43:00,131.79166666666666
2024-07-10 08:44:00,131.83333333333334
2024-07-10 08:45:00,131.875
2024-07-10 08:46:00,131.91666666666666
2024-07-10 08:47:00,131.95833333333334
2024-07-10 08:48:00,132.0
2024-07-10 08:49:00,132.04166666666666
2024-07-10 08:50:00,132.08333333333331
2024-07-10 08:51:00,132.125
2024-07-10 08:52:00,132.16666666666669
2024-07-10 08:53:00,132.20833333333331
2024-07-10 08:54:00,132.25
2024-07-10 08:55:00,132.29166666666669
2024-07-10 08:56:00,132.33333333333334
2024-07-10 08:57:00,132.375
2024-07-10 08:58:00,132.41666666666666
2024-07-10 08:59:00,132.45833333333334
2024-07-10 09:00:00,132.5
2024-07-10 09:01:00,132.54166666666666
2024-07-10 09:02:00,132.58333333333334
2024-07-10 09:03:00,132.625
2024-07-10 09:04:00,132.66666666666666
2024-07-10 09:05:00,132.70833333333331
2024-07-10 09:06:00,132.75
2024-07-10 09:07:00,132.79166666666669
2024-07-10 09:08:00,132.83333333333331
2024-07-10 09:09:00,132.875
2024-07-10 09:10:00,132.91666666666669
2024-07-10 09:11:00,132.95833333333334
2024-07-10 09:12:00,133.0
2024-07-10 09:13:00,133.04166666666666
2024-07-10 09:14:00,133.08333333333334
2024-07-10 09:15:00,133.125
2024-07-10 09:16:00,133.16666666666666
2024-07-10 09:17:00,133.20833333333334
2024-07-10 09:18:00,133.25
2024-07-10 09:19:00,133.29166666666666
2024-07-10 09:20:00,133.33333333333331
2024-07-10 09:21:00,133.375
2024-07-10 09:22:00,133.41666666666669
2024-07-10 09:23:00,133.45833333333331
2024-07-10 09:24:00,133.5
2024-07-10 09:25:00,133.54166666666669
2024-07-10 09:26:00,133.58333333333334
2024-07-10 09:27:00,133.625
2024-07-10 09:28:00,133.66666666666666
2024-07-10 09:29:00,133.70833333333334
2024-07-10 09:30:00,133.75
2024-07-10 09:31:00,133.79166666666666
2024-07-10 09:32:00,133.83333333333334
2024-07-10 09:33:00,133.875
2024-07-10 09:34:00,133.91666666666666
2024-07-10 09:35:00,133.95833333333331
2024-07-10 09:36:00,134.0
2024-07-10 09:37:00,134.04166666666669
2024-07-10 09:38:00,134.08333333333331
2024-07-10 09:39:00,134.125
2024-07-10 09:40:00,134.16666666666669
2024-07-10 09:41:00,134.20833333333334
2024-07-10 09:42:00,134.25
2024-07-10 09:43:00,134.29166666666666
2024-07-10 09:44:00,134.33333333333334
2024-07-10 09:45:00,134.375
2024-07-10 09:46:00,134.41666666666666
2024-07-10 09:47:00,134.45833333333334
2024-07-10 09:48:00,134.5
2024-07-10 09:49:00,134.54166666666666
2024-07-10 09:50:00,134.58333333333331
2024-07-10 09:51:00,134.625
2024-07-10 09:52:00,134.66666666666669
2024-07-10 09:53:00,134.70833333333331
2024-07-10 09:54:00,134.75
2024-07-10 09:55:00,134.79166666666669
2024-07-10 09:56:00,134.83333333333334
2024-07-10 09:57:00,134.875
2024-07-10 09:58:00,134.91666666666666
2024-07-10 09:59:00,134.95833333333334
2024-07-10 10:00:00,135.0
2024-07-10 10:01:00,135.04166666666666
2024-07-10 10:02:00,135.08333333333334
2024-07-10 10:03:00,135.125
2024-07-10 10:04:00,135.16666666666666
2024-07-10 10:05:00,135.20833333333331
2024-07-10 10:06:00,135.25
2024-07-10 10:07:00,135.29166666666669
2024-07-10 10:08:00,135.33333333333331
2024-07-10 10:09:00,135.375
2024-07-10 10:10:00,135.41666666666669
2024-07-10 10:11:00,135.45833333333334
2024-07-10 10:12:00,135.5
2024-07-10 10:13:00,135.54166666666666
2024-07-10 10:14:00,135.58333333333334
2024-07-10 10:15:00,135.625
2024-07-10 10:16:00,135.66666666666666
2024-07-10 10:17:00,135.70833333333334
2024-07-10 10:18:00,135.75
2024-07-10 10:19:00,135.79166666666666
2024-07-10 10:20:00,135.83333333333331
2024-07-10 10:21:00,135.875
2024-07-10 10:22:00,135.91666666666669
2024-07-10 10:23:00,135.95833333333331
2024-07-10 10:24:00,136.0
2024-07-10 10:25:00,136.04166666666669
2024-07-10 10:26:00,136.08333333333334
2024-07-10 10:27:00,136.125
2024-07-10 10:28:00,136.16666666666666
2024-07-10 10:29:00,136.20833333333334
2024-07-10 10:30:00,136.25
2024-07-10 10:31:00,136.29166666666666
2024-07-10 10:32:00,136.33333333333334
2024-07-10 10:33:00,136.375
2024-07-10 10:34:00,136.41666666666666
2024-07-10 10:35:00,136.45833333333331
2024-07-10 10:36:00,136.5
2024-07-10 10:37:00,136.54166666666669
2024-07-10 10:38:00,136.58333333333331
2024-07-10 10:39:00,136.625
2024-07-10 10:40:00,136.66666666666669
2024-07-10 10:41:00,136.70833333333334
2024-07-10 10:42:00,136.75
2024-07-10 10:43:00,136.79166666666666
2024-07-10 10:44:00,136.83333333333334
2024-07-10 10:45:00,136.875
2024-07-10 10:46:00,136.91666666666666
2024-07-10 10:47:00,136.95833333333334
2024-07-10 10:48:00,137.0
2024-07-10 10:49:00,137.04166666666666
2024-07-10 10:50:00,137.08333333333331
2024-07-10 10:51:00,137.125
2024-07-10 10:52:00,137.16666666666669
2024-07-10 10:53:00,137.20833333333331
2024-07-10 10:54:00,137.25
2024-07-10 10:55:00,137.29166666666669
2024-07-10 10:56:00,137.33333333333334
2024-07-10 10:57:00,137.375
2024-07-10 10:58:00,137.41666666666666
2024-07-10 10:59:00,137.45833333333334
2024-07-10 11:00:00,137.5
2024-07-10 11:01:00,137.54166666666666
2024-07-10 11:02:00,137.58333333333334
2024-07-10 11:03:00,137.625
2024-07-10 11:04:00,137.66666666666666
2024-07-10 11:05:00,137.70833333333331
2024-07-10 11:06:00,137.75
2024-07-10 11:07:00,137.79166666666669
2024-07-10 11:08:00,137.83333333333331
2024-07-10 11:09:00,137.875
2024-07-10 11:10:00,137.91666666666669
2024-07-10 11:11:00,137.95833333333334
2024-07-10 11:12:00,138.0
2024-07-10 11:13:00,138.04166666666666
2024-07-10 11:14:00,138.08333333333334
2024-07-10 11:15:00,138.125
2024-07-10 11:16:00,138.16666666666666
2024-07-10 11:17:00,138.20833333333334
2024-07-10 11:18:00,138.25
2024-07-10 11:19:00,138.29166666666666
2024-07-10 11:20:00,138.33333333333331
2024-07-10 11:21:00,138.375
2024-07-10 11:22:00,138.41666666666669
2024-07-10 11:23:00,138.45833333333331
2024-07-10 11:24:00,138.5
2024-07-10 11:25:00,138.54166666666669
2024-07-10 11:26:00,138.58333333333334
2024-07-10 11:27:00,138.625
2024-07-10 11:28:00,138.66666666666666
2024-07-10 11:29:00,138.70833333333334
2024-07-10 11:30:00,138.75
2024-07-10 11:31:00,138.79166666666666
2024-07-10 11:32:00,138.83333333333334
2024-07-10 11:33:00,138.875
2024-07-10 11:34:00,138.91666666666666
2024-07-10 11:35:00,138.95833333333331
2024-07-10 11:36:00,139.0
2024-07-10 11:37:00,139.04166666666669
2024-07-10 11:38:00,139.08333333333331
2024-07-10 11:39:00,139.125
2024-07-10 11:40:00,139.16666666666669
2024-07-10 11:41:00,139.20833333333334
2024-07-10 11:42:00,139.25
2024-07-10 11:43:00,139.29166666666666
2024-07-10 11:44:00,139.33333333333334
2024-07-10 11:45:00,139.375
2024-07-10 11:46:00,139.41666666666666
2024-07-10 11:47:00,139.45833333333334
2024-07-10 11:48:00,139.5
2024-07-10 11:49:00,139.54166666666666
2024-07-10 11:50:00,139.58333333333331
2024-07-10 11:51:00,139.625
2024-07-10 11:52:00,139.66666666666669
2024-07-10 11:53:00,139.70833333333331
2024-07-10 11:54:00,139.75
2024-07-10 11:55:00,139.79166666666669
2024-07-10 11:56:00,139.83333333333334
2024-07-10 11:57:00,139.875
2024-07-10 11:58:00,139.91666666666666
2024-07-10 11:59:00,139.95833333333334
2024-07-10 12:00:00,140.0
2024-07-10 12:01:00,139.96875
2024-07-10 12:02:00,139.9375
2024-07-10 12:03:00,139.90625
2024-07-10 12:04:00,139.875
2024-07-10 12:05:00,139.84375
2024-07-10 12:06:00,139.8125
2024-07-10 12:07:00,139.78125
2024-07-10 12:08:00,139.75
2024-07-10 12:09:00,139.71875
2024-07-10 12:10:00,139.6875
2024-07-10 12:11:00,139.65625
2024-07-10 12:12:00,139.625
2024-07-10 12:13:00,139.59375
2024-07-10 12:14:00,139.5625
2024-07-10 12:15:00,139.53125
2024-07-10 12:16:00,139.5
2024-07-10 12:17:00,139.46875
2024-07-10 12:18:00,139.4375
2024-07-10 12:19:00,139.40625
2024-07-10 12:20:00,139.375
2024-07-10 12:21:00,139.34375
2024-07-10 12:22:00,139.3125
2024-07-10 12:23:00,139.28125
2024-07-10 12:24:00,139.25
2024-07-10 12:25:00,139.21875
2024-07-10 12:26:00,139.1875
2024-07-10 12:27:00,139.15625
2024-07-10 12:28:00,139.125
2024-07-10 12:29:00,139.09375
2024-07-10 12:30:00,139.0625
2024-07-10 12:31:00,139.03125
2024-07-10 12:32:00,139.0
2024-07-10 12:33:00,138.96875
2024-07-10 12:34:00,138.9375
2024-07-10 12:35:00,138.90625
2024-07-10 12:36:00,138.875
2024-07-10 12:37:00,138.84375
2024-07-10 12:38:00,138.8125
2024-07-10 12:39:00,138.78125
2024-07-10 12:40:00,138.75
2024-07-10 12:41:00,138.71875
2024-07-10 12:42:00,138.6875
2024-07-10 12:43:00,138.65625
2024-07-10 12:44:00,138.625
2024-07-10 12:45:00,138.59375
2024-07-10 12:46:00,138.5625
2024-07-10 12:47:00,138.53125
2024-07-10 12:48:00,138.5
2024-07-10 12:49:00,138.46875
2024-07-10 12:50:00,138.4375
2024-07-10 12:51:00,138.40625
2024-07-10 12:52:00,138.375
2024-07-10 12:53:00,138.34375
2024-07-10 12:54:00,138.3125
2024-07-10 12:55:00,138.28125
2024-07-10 12:56:00,138.25
2024-07-10 12:57:00,138.21875
2024-07-10 12:58:00,138.1875
2024-07-10 12:59:00,138.15625
2024-07-10 13:00:00,138.125
2024-07-10 13:01:00,138.09375
2024-07-10 13:02:00,138.0625
2024-07-10 13:03:00,138.03125
2024-07-10 13:04:00,138.0
2024-07-10 13:05:00,137.96875
2024-07-10 13:06:00,137.9375
2024-07-10 13:07:00,137.90625
2024-07-10 13:08:00,137.875
2024-07-10 13:09:00,137.84375
2024-07-10 13:10:00,137.8125
2024-07-10 13:11:00,137.78125
2024-07-10 13:12:00,137.75
2024-07-10 13:13:00,137.71875
2024-07-10 13:14:00,137.6875
2024-07-10 13:15:00,137.65625
2024-07-10 13:16:00,137.625
2024-07-10 13:17:00,137.59375
2024-07-10 13:18:00,137.5625
2024-07-10 13:19:00,137.53125
2024-07-10 13:20:00,137.5
2024-07-10 13:21:00,137.46875
2024-07-10 13:22:00,137.4375
2024-07-10 13:23:00,137.40625
2024-07-10 13:24:00,137.375
2024-07-10 13:25:00,137.34375
2024-07-10 13:26:00,137.3125
2024-07-10 13:27:00,137.28125
2024-07-10 13:28:00,137.25
2024-07-10 13:29:00,137.21875
2024-07-10 13:30:00,137.1875
2024-07-10 13:31:00,137.15625
2024-07-10 13:32:00,137.125
2024-07-10 13:33:00,137.09375
2024-07-10 13:34:00,137.0625
2024-07-10 13:35:00,137.03125
2024-07-10 13:36:00,137.0
2024-07-10 13:37:00,136.96875
2024-07-10 13:38:00,136.9375
2024-07-10 13:39:00,136.90625
2024-07-10 13:40:00,136.875
2024-07-10 13:41:00,136.84375
2024-07-10 13:42:00,136.8125
2024-07-10 13:43:00,136.78125
2024-07-10 13:44:00,136.75
2024-07-10 13:45:00,136.71875
2024-07-10 13:46:00,136.6875
2024-07-10 13:47:00,136.65625
2024-07-10 13:48:00,136.625
2024-07-10 13:49:00,136.59375
2024-07-10 13:50:00,136.5625
2024-07-10 13:51:00,136.53125
2024-07-10 13:52:00,136.5
2024-07-10 13:53:00,136.46875
2024-07-10 13:54:00,136.4375
2024-07-10 13:55:00,136.40625
2024-07-10 13:56:00,136.375
2024-07-10 13:57:00,136.34375
2024-07-10 13:58:00,136.3125
2024-07-10 13:59:00,136.28125
2024-07-10 14:00:00,136.25
2024-07-10 14:01:00,136.21875
2024-07-10 14:02:00,136.1875
2024-07-10 14:03:00,136.15625
2024-07-10 14:04:00,136.125
2024-07-10 14:05:00,136.09375
2024-07-10 14:06:00,136.0625
2024-07-10 14:07:00,136.03125
2024-07-10 14:08:00,136.0
2024-07-10 14:09:00,135.96875
2024-07-10 14:10:00,135.9375
2024-07-10 14:11:00,135.90625
2024-07-10 14:12:00,135.875
2024-07-10 14:13:00,135.84375
2024-07-10 14:14:00,135.8125
2024-07-10 14:15:00,135.78125
2024-07-10 14:16:00,135.75
2024-07-10 14:17:00,135.71875
2024-07-10 14:18:00,135.6875
2024-07-10 14:19:00,135.65625
2024-07-10 14:20:00,135.625
2024-07-10 14:21:00,135.59375
2024-07-10 14:22:00,135.5625
2024-07-10 14:23:00,135.53125
2024-07-10 14:24:00,135.5
2024-07-10 14:25:00,135.46875
2024-07-10 14:26:00,135.4375
2024-07-10 14:27:00,135.40625
2024-07-10 14:28:00,135.375
2024-07-10 14:29:00,135.34375
2024-07-10 14:30:00,135.3125
2024-07-10 14:31:00,135.28125
2024-07-10 14:32:00,135.25
2024-07-10 14:33:00,135.21875
2024-07-10 14:34:00,135.1875
2024-07-10 14:35:00,135.15625
2024-07-10 14:36:00,135.125
2024-07-10 14:37:00,135.09375
2024-07-10 14:38:00,135.0625
2024-07-10 14:39:00,135.03125
2024-07-10 14:40:00,135.0
2024-07-10 14:41:00,134.96875
2024-07-10 14:42:00,134.9375
2024-07-10 14:43:00,134.90625
2024-07-10 14:44:00,134.875
2024-07-10 14:45:00,134.84375
2024-07-10 14:46:00,134.8125
2024-07-10 14:47:00,134.78125
2024-07-10 14:48:00,134.75
2024-07-10 14:49:00,134.71875
2024-07-10 14:50:00,134.6875
2024-07-10 14:51:00,134.65625
2024-07-10 14:52:00,134.625
2024-07-10 14:53:00,134.59375
2024-07-10 14:54:00,134.5625
2024-07-10 14:55:00,134.53125
2024-07-10 14:56:00,134.5
2024-07-10 14:57:00,134.46875
2024-07-10 14:58:00,134.4375
2024-07-10 14:59:00,134.40625
2024-07-10 15:00:00,134.375
2024-07-10 15:01:00,134.34375
2024-07-10 15:02:00,134.3125
2024-07-10 15:03:00,134.28125
2024-07-10 15:04:00,134.25
2024-07-10 15:05:00,134.21875
2024-07-10 15:06:00,134.1875
2024-07-10 15:07:00,134.15625
2024-07-10 15:08:00,134.125
2024-07-10 15:09:00,134.09375
2024-07-10 15:10:00,134.0625
2024-07-10 15:11:00,134.03125
2024-07-10 15:12:00,134.0
2024-07-10 15:13:00,133.96875
2024-07-10 15:14:00,133.9375
2024-07-10 15:15:00,133.90625
2024-07-10 15:16:00,133.875
2024-07-10 15:17:00,133.84375
2024-07-10 15:18:00,133.8125
2024-07-10 15:19:00,133.78125
2024-07-10 15:20:00,133.75
2024-07-10 15:21:00,133.71875
2024-07-10 15:22:00,133.6875
2024-07-10 15:23:00,133.65625
2024-07-10 15:24:00,133.625
2024-07-10 15:25:00,133.59375
2024-07-10 15:26:00,133.5625
2024-07-10 15:27:00,133.53125
2024-07-10 15:28:00,133.5
2024-07-10 15:29:00,133.46875
2024-07-10 15:30:00,133.4375
2024-07-10 15:31:00,133.40625
2024-07-10 15:32:00,133.375
2024-07-10 15:33:00,133.34375
2024-07-10 15:34:00,133.3125
2024-07-10 15:35:00,133.28125
2024-07-10 15:36:00,133.25
2024-07-10 15:37:00,133.21875
2024-07-10 15:38:00,133.1875
2024-07-10 15:39:00,133.15625
2024-07-10 15:40:00,133.125
2024-07-10 15:41:00,133.09375
2024-07-10 15:42:00,133.0625
2024-07-10 15:43:00,133.03125
2024-07-10 15:44:00,133.0
2024-07-10 15:45:00,132.96875
2024-07-10 15:46:00,132.9375
2024-07-10 15:47:00,132.90625
2024-07-10 15:48:00,132.875
2024-07-10 15:49:00,132.84375
2024-07-10 15:50:00,132.8125
2024-07-10 15:51:00,132.78125
2024-07-10 15:52:00,132.75
2024-07-10 15:53:00,132.71875
2024-07-10 15:54:00,132.6875
2024-07-10 15:55:00,132.65625
2024-07-10 15:56:00,132.625
2024-07-10 15:57:00,132.59375
2024-07-10 15:58:00,132.5625
2024-07-10 15:59:00,132.53125
2024-07-10 16:00:00,132.5
2024-07-10 16:01:00,132.46875
2024-07-10 16:02:00,132.4375
2024-07-10 16:03:00,132.40625
2024-07-10 16:04:00,132.375
2024-07-10 16:05:00,132.34375
2024-07-10 16:06:00,132.3125
2024-07-10 16:07:00,132.28125
2024-07-10 16:08:00,132.25
2024-07-10 16:09:00,132.21875
2024-07-10 16:10:00,132.1875
2024-07-10 16:11:00,132.15625
2024-07-10 16:12:00,132.125
2024-07-10 16:13:00,132.09375
2024-07-10 16:14:00,132.0625
2024-07-10 16:15:00,132.03125
2024-07-10 16:16:00,132.0
2024-07-10 16:17:00,131.96875
2024-07-10 16:18:00,131.9375
2024-07-10 16:19:00,131.90625
2024-07-10 16:20:00,131.875
2024-07-10 16:21:00,131.84375
2024-07-10 16:22:00,131.8125
2024-07-10 16:23:00,131.78125
2024-07-10 16:24:00,131.75
2024-07-10 16:25:00,131.71875
2024-07-10 16:26:00,131.6875
2024-07-10 16:27:00,131.65625
2024-07-10 16:28:00,131.625
2024-07-10 16:29:00,131.59375
2024-07-10 16:30:00,131.5625
2024-07-10 16:31:00,131.53125
2024-07-10 16:32:00,131.5
2024-07-10 16:33:00,131.46875
2024-07-10 16:34:00,131.4375
2024-07-10 16:35:00,131.40625
2024-07-10 16:36:00,131.375
2024-07-10 16:37:00,131.34375
2024-07-10 16:38:00,131.3125
2024-07-10 16:39:00,131.28125
2024-07-10 16:40:00,131.25
2024-07-10 16:41:00,131.21875
2024-07-10 16:42:00,131.1875
2024-07-10 16:43:00,131.15625
2024-07-10 16:44:00,131.125
2024-07-10 16:45:00,131.09375
2024-07-10 16:46:00,131.0625
2024-07-10 16:47:00,131.03125
2024-07-10 16:48:00,131.0
2024-07-10 16:49:00,130.96875
2024-07-10 16:50:00,130.9375
2024-07-10 16:51:00,130.90625
2024-07-10 16:52:00,130.875
2024-07-10 16:53:00,130.84375
2024-07-10 16:54:00,130.8125
2024-07-10 16:55:00,130.78125
2024-07-10 16:56:00,130.75
2024-07-10 16:57:00,130.71875
2024-07-10 16:58:00,130.6875
2024-07-10 16:59:00,130.65625
2024-07-10 17:00:00,130.625
2024-07-10 17:01:00,130.59375
2024-07-10 17:02:00,130.5625
2024-07-10 17:03:00,130.53125
2024-07-10 17:04:00,130.5
2024-07-10 17:05:00,130.46875
2024-07-10 17:06:00,130.4375
2024-07-10 17:07:00,130.40625
2024-07-10 17:08:00,130.375
2024-07-10 17:09:00,130.34375
2024-07-10 17:10:00,130.3125
2024-07-10 17:11:00,130.28125
2024-07-10 17:12:00,130.25
2024-07-10 17:13:00,130.21875
2024-07-10 17:14:00,130.1875
2024-07-10 17:15:00,130.15625
2024-07-10 17:16:00,130.125
2024-07-10 17:17:00,130.09375
2024-07-10 17:18:00,130.0625
2024-07-10 17:19:00,130.03125
2024-07-10 17:20:00,130.0
2024-07-10 17:21:00,129.96875
2024-07-10 17:22:00,129.9375
2024-07-10 17:23:00,129.90625
2024-07-10 17:24:00,129.875
2024-07-10 17:25:00,129.84375
2024-07-10 17:26:00,129.8125
2024-07-10 17:27:00,129.78125
2024-07-10 17:28:00,129.75
2024-07-10 17:29:00,129.71875
2024-07-10 17:30:00,129.6875
2024-07-10 17:31:00,129.65625
2024-07-10 17:32:00,129.625
2024-07-10 17:33:00,129.59375
2024-07-10 17:34:00,129.5625
2024-07-10 17:35:00,129.53125
2024-07-10 17:36:00,129.5
2024-07-10 17:37:00,129.46875
2024-07-10 17:38:00,129.4375
2024-07-10 17:39:00,129.40625
2024-07-10 17:40:00,129.375
2024-07-10 17:41:00,129.34375
2024-07-10 17:42:00,129.3125
2024-07-10 17:43:00,129.28125
2024-07-10 17:44:00,129.25
2024-07-10 17:45:00,129.21875
2024-07-10 17:46:00,129.1875
2024-07-10 17:47:00,129.15625
2024-07-10 17:48:00,129.125
2024-07-10 17:49:00,129.09375
2024-07-10 17:50:00,129.0625
2024-07-10 17:51:00,129.03125
2024-07-10 17:52:00,129.0
2024-07-10 17:53:00,128.96875
2024-07-10 17:54:00,128.9375
2024-07-10 17:55:00,128.90625
2024-07-10 17:56:00,128.875
2024-07-10 17:57:00,128.84375
2024-07-10 17:58:00,128.8125
2024-07-10 17:59:00,128.78125
2024-07-10 18:00:00,128.75
2024-07-10 18:01:00,128.71875
2024-07-10 18:02:00,128.6875
2024-07-10 18:03:00,128.65625
2024-07-10 18:04:00,128.625
2024-07-10 18:05:00,128.59375
2024-07-10 18:06:00,128.5625
2024-07-10 18:07:00,128.53125
2024-07-10 18:08:00,128.5
2024-07-10 18:09:00,128.46875
2024-07-10 18:10:00,128.4375
2024-07-10 18:11:00,128.40625
2024-07-10 18:12:00,128.375
2024-07-10 18:13:00,128.34375
2024-07-10 18:14:00,128.3125
2024-07-10 18:15:00,128.28125
2024-07-10 18:16:00,128.25
2024-07-10 18:17:00,128.21875
2024-07-10 18:18:00,128.1875
2024-07-10 18:19:00,128.15625
2024-07-10 18:20:00,128.125
2024-07-10 18:21:00,128.09375
2024-07-10 18:22:00,128.0625
2024-07-10 18:23:00,128.03125
2024-07-10 18:24:00,128.0
2024-07-10 18:25:00,127.96875
2024-07-10 18:26:00,127.9375
2024-07-10 18:27:00,127.90625
2024-07-10 18:28:00,127.875
2024-07-10 18:29:00,127.84375
2024-07-10 18:30:00,127.8125
2024-07-10 18:31:00,127.78125
2024-07-10 18:32:00,127.75
2024-07-10 18:33:00,127.71875
2024-07-10 18:34:00,127.6875
2024-07-10 18:35:00,127.65625
2024-07-10 18:36:00,127.625
2024-07-10 18:37:00,127.59375
2024-07-10 18:38:00,127.5625
2024-07-10 18:39:00,127.53125
2024-07-10 18:40:00,127.5
2024-07-10 18:41:00,127.46875
2024-07-10 18:42:00,127.4375
2024-07-10 18:43:00,127.40625
2024-07-10 18:44:00,127.375
2024-07-10 18:45:00,127.34375
2024-07-10 18:46:00,127.3125
2024-07-10 18:47:00,127.28125
2024-07-10 18:48:00,127.25
2024-07-10 18:49:00,127.21875
2024-07-10 18:50:00,127.1875
2024-07-10 18:51:00,127.15625
2024-07-10 18:52:00,127.125
2024-07-10 18:53:00,127.09375
2024-07-10 18:54:00,127.0625
2024-07-10 18:55:00,127.03125
2024-07-10 18:56:00,127.0
2024-07-10 18:57:00,126.96875
2024-07-10 18:58:00,126.9375
2024-07-10 18:59:00,126.90625
2024-07-10 19:00:00,126.875
2024-07-10 19:01:00,126.84375
2024-07-10 19:02:00,126.8125
2024-07-10 19:03:00,126.78125
2024-07-10 19:04:00,126.75
2024-07-10 19:05:00,126.71875
2024-07-10 19:06:00,126.6875
2024-07-10 19:07:00,126.65625
2024-07-10 19:08:00,126.625
2024-07-10 19:09:00,126.59375
2024-07-10 19:10:00,126.5625
2024-07-10 19:11:00,126.53125
2024-07-10 19:12:00,126.5
2024-07-10 19:13:00,126.46875
2024-07-10 19:14:00,126.4375
2024-07-10 19:15:00,126.40625
2024-07-10 19:16:00,126.375
2024-07-10 19:17:00,126.34375
2024-07-10 19:18:00,126.3125
2024-07-10 19:19:00,126.28125
2024-07-10 19:20:00,126.25
2024-07-10 19:21:00,126.21875
2024-07-10 19:22:00,126.1875
2024-07-10 19:23:00,126.15625
2024-07-10 19:24:00,126.125
2024-07-10 19:25:00,126.09375
2024-07-10 19:26:00,126.0625
2024-07-10 19:27:00,126.03125
2024-07-10 19:28:00,126.0
2024-07-10 19:29:00,125.96875
2024-07-10 19:30:00,125.9375
2024-07-10 19:31:00,125.90625
2024-07-10 19:32:00,125.875
2024-07-10 19:33:00,125.84375
2024-07-10 19:34:00,125.8125
2024-07-10 19:35:00,125.78125
2024-07-10 19:36:00,125.75
2024-07-10 19:37:00,125.71875
2024-07-10 19:38:00,125.6875
2024-07-10 19:39:00,125.65625
2024-07-10 19:40:00,125.625
2024-07-10 19:41:00,125.59375
2024-07-10 19:42:00,125.5625
2024-07-10 19:43:00,125.53125
2024-07-10 19:44:00,125.5
2024-07-10 19:45:00,125.46875
2024-07-10 19:46:00,125.4375
2024-07-10 19:47:00,125.40625
2024-07-10 19:48:00,125.375
2024-07-10 19:49:00,125.34375
2024-07-10 19:50:00,125.3125
2024-07-10 19:51:00,125.28125
2024-07-10 19:52:00,125.25
2024-07-10 19:53:00,125.21875
2024-07-10 19:54:00,125.1875
2024-07-10 19:55:00,125.15625
2024-07-10 19:56:00,125.125
2024-07-10 19:57:00,125.09375
2024-07-10 19:58:00,125.0625
2024-07-10 19:59:00,125.03125
2024-07-10 20:00:00,125.0
2024-07-10 20:01:00,124.96875
2024-07-10 20:02:00,124.9375
2024-07-10 20:03:00,124.90625
2024-07-10 20:04:00,124.875
2024-07-10 20:05:00,124.84375
2024-07-10 20:06:00,124.8125
2024-07-10 20:07:00,124.78125
2024-07-10 20:08:00,124.75
2024-07-10 20:09:00,124.71875
2024-07-10 20:10:00,124.6875
2024-07-10 20:11:00,124.65625
2024-07-10 20:12:00,124.625
2024-07-10 20:13:00,124.59375
2024-07-10 20:14:00,124.5625
2024-07-10 20:15:00,124.53125
2024-07-10 20:16:00,124.5
2024-07-10 20:17:00,124.46875
2024-07-10 20:18:00,124.4375
2024-07-10 20:19:00,124.40625
2024-07-10 20:20:00,124.375
2024-07-10 20:21:00,124.34375
2024-07-10 20:22:00,124.3125
2024-07-10 20:23:00,124.28125
2024-07-10 20:24:00,124.25
2024-07-10 20:25:00,124.21875
2024-07-10 20:26:00,124.1875
2024-07-10 20:27:00,124.15625
2024-07-10 20:28:00,124.125
2024-07-10 20:29:00,124.09375
2024-07-10 20:30:00,124.0625
2024-07-10 20:31:00,124.03125
2024-07-10 20:32:00,124.0
2024-07-10 20:33:00,123.96875
2024-07-10 20:34:00,123.9375
2024-07-10 20:35:00,123.90625
2024-07-10 20:36:00,123.875
2024-07-10 20:37:00,123.84375
2024-07-10 20:38:00,123.8125
2024-07-10 20:39:00,123.78125
2024-07-10 20:40:00,123.75
2024-07-10 20:41:00,123.71875
2024-07-10 20:42:00,123.6875
2024-07-10 20:43:00,123.65625
2024-07-10 20:44:00,123.625
2024-07-10 20:45:00,123.59375
2024-07-10 20:46:00,123.5625
2024-07-10 20:47:00,123.53125
2024-07-10 20:48:00,123.5
2024-07-10 20:49:00,123.46875
2024-07-10 20:50:00,123.4375
2024-07-10 20:51:00,123.40625
2024-07-10 20:52:00,123.375
2024-07-10 20:53:00,123.34375
2024-07-10 20:54:00,123.3125
2024-07-10 20:55:00,123.28125
2024-07-10 20:56:00,123.25
2024-07-10 20:57:00,123.21875
2024-07-10 20:58:00,123.1875
2024-07-10 20:59:00,123.15625
2024-07-10 21:00:00,123.125
2024-07-10 21:01:00,123.09375
2024-07-10 21:02:00,123.0625
2024-07-10 21:03:00,123.03125
2024-07-10 21:04:00,123.0
2024-07-10 21:05:00,122.96875
2024-07-10 21:06:00,122.9375
2024-07-10 21:07:00,122.90625
2024-07-10 21:08:00,122.875
2024-07-10 21:09:00,122.84375
2024-07-10 21:10:00,122.8125
2024-07-10 21:11:00,122.78125
2024-07-10 21:12:00,122.75
2024-07-10 21:13:00,122.71875
2024-07-10 21:14:00,122.6875
2024-07-10 21:15:00,122.65625
2024-07-10 21:16:00,122.625
2024-07-10 21:17:00,122.59375
2024-07-10 21:18:00,122.5625
2024-07-10 21:19:00,122.53125
2024-07-10 21:20:00,122.5
2024-07-10 21:21:00,122.46875
2024-07-10 21:22:00,122.4375
2024-07-10 21:23:00,122.40625
2024-07-10 21:24:00,122.375
2024-07-10 21:25:00,122.34375
2024-07-10 21:26:00,122.3125
2024-07-10 21:27:00,122.28125
2024-07-10 21:28:00,122.25
2024-07-10 21:29:00,122.21875
2024-07-10 21:30:00,122.1875
2024-07-10 21:31:00,122.15625
2024-07-10 21:32:00,122.125
2024-07-10 21:33:00,122.09375
2024-07-10 21:34:00,122.0625
2024-07-10 21:35:00,122.03125
2024-07-10 21:36:00,122.0
2024-07-10 21:37:00,121.96875
2024-07-10 21:38:00,121.9375
2024-07-10 21:39:00,121.90625
2024-07-10 21:40:00,121.875
2024-07-10 21:41:00,121.84375
2024-07-10 21:42:00,121.8125
2024-07-10 21:43:00,121.78125
2024-07-10 21:44:00,121.75
2024-07-10 21:45:00,121.71875
2024-07-10 21:46:00,121.6875
2024-07-10 21:47:00,121.65625
2024-07-10 21:48:00,121.625
2024-07-10 21:49:00,121.59375
2024-07-10 21:50:00,121.5625
2024-07-10 21:51:00,121.53125
2024-07-10 21:52:00,121.5
2024-07-10 21:53:00,121.46875
2024-07-10 21:54:00,121.4375
2024-07-10 21:55:00,121.40625
2024-07-10 21:56:00,121.375
2024-07-10 21:57:00,121.34375
2024-07-10 21:58:00,121.3125
2024-07-10 21:59:00,121.28125
2024-07-10 22:00:00,121.25
2024-07-10 22:01:00,121.21875
2024-07-10 22:02:00,121.1875
2024-07-10 22:03:00,121.15625
2024-07-10 22:04:00,121.125
2024-07-10 22:05:00,121.09375
2024-07-10 22:06:00,121.0625
2024-07-10 22:07:00,121.03125
2024-07-10 22:08:00,121.0
2024-07-10 22:09:00,120.96875
2024-07-10 22:10:00,120.9375
2024-07-10 22:11:00,120.90625
2024-07-10 22:12:00,120.875
2024-07-10 22:13:00,120.84375
2024-07-10 22:14:00,120.8125
2024-07-10 22:15:00,120.78125
2024-07-10 22:16:00,120.75
2024-07-10 22:17:00,120.71875
2024-07-10 22:18:00,120.6875
2024-07-10 22:19:00,120.65625
2024-07-10 22:20:00,120.625
2024-07-10 22:21:00,120.59375
2024-07-10 22:22:00,120.5625
2024-07-10 22:23:00,120.53125
2024-07-10 22:24:00,120.5
2024-07-10 22:25:00,120.46875
2024-07-10 22:26:00,120.4375
2024-07-10 22:27:00,120.40625
2024-07-10 22:28:00,120.375
2024-07-10 22:29:00,120.34375
2024-07-10 22:30:00,120.3125
2024-07-10 22:31:00,120.28125
2024-07-10 22:32:00,120.25
2024-07-10 22:33:00,120.21875
2024-07-10 22:34:00,120.1875
2024-07-10 22:35:00,120.15625
2024-07-10 22:36:00,120.125
2024-07-10 22:37:00,120.09375
2024-07-10 22:38:00,120.0625
2024-07-10 22:39:00,120.03125
2024-07-10 22:40:00,120.0
2024-07-10 22:41:00,119.96875
2024-07-10 22:42:00,119.9375
2024-07-10 22:43:00,119.90625
2024-07-10 22:44:00,119.875
2024-07-10 22:45:00,119.84375
2024-07-10 22:46:00,119.8125
2024-07-10 22:47:00,119.78125
2024-07-10 22:48:00,119.75
2024-07-10 22:49:00,119.71875
2024-07-10 22:50:00,119.6875
2024-07-10 22:51:00,119.65625
2024-07-10 22:52:00,119.625
2024-07-10 22:53:00,119.59375
2024-07-10 22:54:00,119.5625
2024-07-10 22:55:00,119.53125
2024-07-10 22:56:00,119.5
2024-07-10 22:57:00,119.46875
2024-07-10 22:58:00,119.4375
2024-07-10 22:59:00,119.40625
2024-07-10 23:00:00,119.375
2024-07-10 23:01:00,119.34375
2024-07-10 23:02:00,119.3125
2024-07-10 23:03:00,119.28125
2024-07-10 23:04:00,119.25
2024-07-10 23:05:00,119.21875
2024-07-10 23:06:00,119.1875
2024-07-10 23:07:00,119.15625
2024-07-10 23:08:00,119.125
2024-07-10 23:09:00,119.09375
2024-07-10 23:10:00,119.0625
2024-07-10 23:11:00,119.03125
2024-07-10 23:12:00,119.0
2024-07-10 23:13:00,118.96875
2024-07-10 23:14:00,118.9375
2024-07-10 23:15:00,118.90625
2024-07-10 23:16:00,118.875
2024-07-10 23:17:00,118.84375
2024-07-10 23:18:00,118.8125
2024-07-10 23:19:00,118.78125
2024-07-10 23:20:00,118.75
2024-07-10 23:21:00,118.71875
2024-07-10 23:22:00,118.6875
2024-07-10 23:23:00,118.65625
2024-07-10 23:24:00,118.625
2024-07-10 23:25:00,118.59375
2024-07-10 23:26:00,118.5625
2024-07-10 23:27:00,118.53125
2024-07-10 23:28:00,118.5
2024-07-10 23:29:00,118.46875
2024-07-10 23:30:00,118.4375
2024-07-10 23:31:00,118.40625
2024-07-10 23:32:00,118.375
2024-07-10 23:33:00,118.34375
2024-07-10 23:34:00,118.3125
2024-07-10 23:35:00,118.28125
2024-07-10 23:36:00,118.25
2024-07-10 23:37:00,118.21875
2024-07-10 23:38:00,118.1875
2024-07-10 23:39:00,118.15625
2024-07-10 23:40:00,118.125
2024-07-10 23:41:00,118.09375
2024-07-10 23:42:00,118.0625
2024-07-10 23:43:00,118.03125
2024-07-10 23:44:00,118.0
2024-07-10 23:45:00,117.96875
2024-07-10 23:46:00,117.9375
2024-07-10 23:47:00,117.90625
2024-07-10 23:48:00,117.875
2024-07-10 23:49:00,117.84375
2024-07-10 23:50:00,117.8125
2024-07-10 23:51:00,117.78125
2024-07-10 23:52:00,117.75
2024-07-10 23:53:00,117.71875
2024-07-10 23:54:00,117.6875
2024-07-10 23:55:00,117.65625
2024-07-10 23:56:00,117.625
2024-07-10 23:57:00,117.59375
2024-07-10 23:58:00,117.5625
2024-07-10 23:59:00,117.53125
2024-07-11 00:00:00,117.5
2024-07-11 00:01:00,117.46875
2024-07-11 00:02:00,117.4375
2024-07-11 00:03:00,117.40625
2024-07-11 00:04:00,117.375
2024-07-11 00:05:00,117.34375
2024-07-11 00:06:00,117.3125
2024-07-11 00:07:00,117.28125
2024-07-11 00:08:00,117.25
2024-07-11 00:09:00,117.21875
2024-07-11 00:10:00,117.1875
2024-07-11 00:11:00,117.15625
2024-07-11 00:12:00,117.125
2024-07-11 00:13:00,117.09375
2024-07-11 00:14:00,117.0625
2024-07-11 00:15:00,117.03125
2024-07-11 00:16:00,117.0
2024-07-11 00:17:00,116.96875
2024-07-11 00:18:00,116.9375
2024-07-11 00:19:00,116.90625
2024-07-11 00:20:00,116.875
2024-07-11 00:21:00,116.84375
2024-07-11 00:22:00,116.8125
2024-07-11 00:23:00,116.78125
2024-07-11 00:24:00,116.75
2024-07-11 00:25:00,116.71875
2024-07-11 00:26:00,116.6875
2024-07-11 00:27:00,116.65625
2024-07-11 00:28:00,116.625
2024-07-11 00:29:00,116.59375
2024-07-11 00:30:00,116.5625
2024-07-11 00:31:00,116.53125
2024-07-11 00:32:00,116.5
2024-07-11 00:33:00,116.46875
2024-07-11 00:34:00,116.4375
2024-07-11 00:35:00,116.40625
2024-07-11 00:36:00,116.375
2024-07-11 00:37:00,116.34375
2024-07-11 00:38:00,116.3125
2024-07-11 00:39:00,116.28125
2024-07-11 00:40:00,116.25
2024-07-11 00:41:00,116.21875
2024-07-11 00:42:00,116.1875
2024-07-11 00:43:00,116.15625
2024-07-11 00:44:00,116.125
2024-07-11 00:45:00,116.09375
2024-07-11 00:46:00,116.0625
2024-07-11 00:47:00,116.03125
2024-07-11 00:48:00,116.0
2024-07-11 00:49:00,115.96875
2024-07-11 00:50:00,115.9375
2024-07-11 00:51:00,115.90625
2024-07-11 00:52:00,115.875
2024-07-11 00:53:00,115.84375
2024-07-11 00:54:00,115.8125
2024-07-11 00:55:00,115.78125
2024-07-11 00:56:00,115.75
2024-07-11 00:57:00,115.71875
2024-07-11 00:58:00,115.6875
2024-07-11 00:59:00,115.65625
2024-07-11 01:00:00,115.625
2024-07-11 01:01:00,115.59375
2024-07-11 01:02:00,115.5625
2024-07-11 01:03:00,115.53125
2024-07-11 01:04:00,115.5
2024-07-11 01:05:00,115.46875
2024-07-11 01:06:00,115.4375
2024-07-11 01:07:00,115.40625
2024-07-11 01:08:00,115.375
2024-07-11 01:09:00,115.34375
2024-07-11 01:10:00,115.3125
2024-07-11 01:11:00,115.28125
2024-07-11 01:12:00,115.25
2024-07-11 01:13:00,115.21875
2024-07-11 01:14:00,115.1875
2024-07-11 01:15:00,115.15625
2024-07-11 01:16:00,115.125
2024-07-11 01:17:00,115.09375
2024-07-11 01:18:00,115.0625
2024-07-11 01:19:00,115.03125
2024-07-11 01:20:00,115.0
2024-07-11 01:21:00,114.96875
2024-07-11 01:22:00,114.9375
2024-07-11 01:23:00,114.90625
2024-07-11 01:24:00,114.875
2024-07-11 01:25:00,114.84375
2024-07-11 01:26:00,114.8125
2024-07-11 01:27:00,114.78125
2024-07-11 01:28:00,114.75
2024-07-11 01:29:00,114.71875
2024-07-11 01:30:00,114.6875
2024-07-11 01:31:00,114.65625
2024-07-11 01:32:00,114.625
2024-07-11 01:33:00,114.59375
2024-07-11 01:34:00,114.5625
2024-07-11 01:35:00,114.53125
2024-07-11 01:36:00,114.5
2024-07-11 01:37:00,114.46875
2024-07-11 01:38:00,114.4375
2024-07-11 01:39:00,114.40625
2024-07-11 01:40:00,114.375
2024-07-11 01:41:00,114.34375
2024-07-11 01:42:00,114.3125
2024-07-11 01:43:00,114.28125
2024-07-11 01:44:00,114.25
2024-07-11 01:45:00,114.21875
2024-07-11 01:46:00,114.1875
2024-07-11 01:47:00,114.15625
2024-07-11 01:48:00,114.125
2024-07-11 01:49:00,114.09375
2024-07-11 01:50:00,114.0625
2024-07-11 01:51:00,114.03125
2024-07-11 01:52:00,114.0
2024-07-11 01:53:00,113.96875
2024-07-11 01:54:00,113.9375
2024-07-11 01:55:00,113.90625
2024-07-11 01:56:00,113.875
2024-07-11 01:57:00,113.84375
2024-07-11 01:58:00,113.8125
2024-07-11 01:59:00,113.78125
2024-07-11 02:00:00,113.75
2024-07-11 02:01:00,113.71875
2024-07-11 02:02:00,113.6875
2024-07-11 02:03:00,113.65625
2024-07-11 02:04:00,113.625
2024-07-11 02:05:00,113.59375
2024-07-11 02:06:00,113.5625
2024-07-11 02:07:00,113.53125
2024-07-11 02:08:00,113.5
2024-07-11 02:09:00,113.46875
2024-07-11 02:10:00,113.4375
2024-07-11 02:11:00,113.40625
2024-07-11 02:12:00,113.375
2024-07-11 02:13:00,113.34375
2024-07-11 02:14:00,113.3125
2024-07-11 02:15:00,113.28125
2024-07-11 02:16:00,113.25
2024-07-11 02:17:00,113.21875
2024-07-11 02:18:00,113.1875
2024-07-11 02:19:00,113.15625
2024-07-11 02:20:00,113.125
2024-07-11 02:21:00,113.09375
2024-07-11 02:22:00,113.0625
2024-07-11 02:23:00,113.03125
2024-07-11 02:24:00,113.0
2024-07-11 02:25:00,112.96875
2024-07-11 02:26:00,112.9375
2024-07-11 02:27:00,112.90625
2024-07-11 02:28:00,112.875
2024-07-11 02:29:00,112.84375
2024-07-11 02:30:00,112.8125
2024-07-11 02:31:00,112.78125
2024-07-11 02:32:00,112.75
2024-07-11 02:33:00,112.71875
2024-07-11 02:34:00,112.6875
2024-07-11 02:35:00,112.65625
2024-07-11 02:36:00,112.625
2024-07-11 02:37:00,112.59375
2024-07-11 02:38:00,112.5625
2024-07-11 02:39:00,112.53125
2024-07-11 02:40:00,112.5
2024-07-11 02:41:00,112.46875
2024-07-11 02:42:00,112.4375
2024-07-11 02:43:00,112.40625
2024-07-11 02:44:00,112.375
2024-07-11 02:45:00,112.34375
2024-07-11 02:46:00,112.3125
2024-07-11 02:47:00,112.28125
2024-07-11 02:48:00,112.25
2024-07-11 02:49:00,112.21875
2024-07-11 02:50:00,112.1875
2024-07-11 02:51:00,112.15625
2024-07-11 02:52:00,112.125
2024-07-11 02:53:00,112.09375
2024-07-11 02:54:00,112.0625
2024-07-11 02:55:00,112.03125
2024-07-11 02:56:00,112.0
2024-07-11 02:57:00,111.96875
2024-07-11 02:58:00,111.9375
2024-07-11 02:59:00,111.90625
2024-07-11 03:00:00,111.875
2024-07-11 03:01:00,111.84375
2024-07-11 03:02:00,111.8125
2024-07-11 03:03:00,111.78125
2024-07-11 03:04:00,111.75
2024-07-11 03:05:00,111.71875
2024-07-11 03:06:00,111.6875
2024-07-11 03:07:00,111.65625
2024-07-11 03:08:00,111.625
2024-07-11 03:09:00,111.59375
2024-07-11 03:10:00,111.5625
2024-07-11 03:11:00,111.53125
2024-07-11 03:12:00,111.5
2024-07-11 03:13:00,111.46875
2024-07-11 03:14:00,111.4375
2024-07-11 03:15:00,111.40625
2024-07-11 03:16:00,111.375
2024-07-11 03:17:00,111.34375
2024-07-11 03:18:00,111.3125
2024-07-11 03:19:00,111.28125
2024-07-11 03:20:00,111.25
2024-07-11 03:21:00,111.21875
2024-07-11 03:22:00,111.1875
2024-07-11 03:23:00,111.15625
2024-07-11 03:24:00,111.125
2024-07-11 03:25:00,111.09375
2024-07-11 03:26:00,111.0625
2024-07-11 03:27:00,111.03125
2024-07-11 03:28:00,111.0
2024-07-11 03:29:00,110.96875
2024-07-11 03:30:00,110.9375
2024-07-11 03:31:00,110.90625
2024-07-11 03:32:00,110.875
2024-07-11 03:33:00,110.84375
2024-07-11 03:34:00,110.8125
2024-07-11 03:35:00,110.78125
2024-07-11 03:36:00,110.75
2024-07-11 03:37:00,110.71875
2024-07-11 03:38:00,110.6875
2024-07-11 03:39:00,110.65625
2024-07-11 03:40:00,110.625
2024-07-11 03:41:00,110.59375
2024-07-11 03:42:00,110.5625
2024-07-11 03:43:00,110.53125
2024-07-11 03:44:00,110.5
2024-07-11 03:45:00,110.46875
2024-07-11 03:46:00,110.4375
2024-07-11 03:47:00,110.40625
2024-07-11 03:48:00,110.375
2024-07-11 03:49:00,110.34375
2024-07-11 03:50:00,110.3125
2024-07-11 03:51:00,110.28125
2024-07-11 03:52:00,110.25
2024-07-11 03:53:00,110.21875
2024-07-11 03:54:00,110.1875
2024-07-11 03:55:00,110.15625
2024-07-11 03:56:00,110.125
2024-07-11 03:57:00,110.09375
2024-07-11 03:58:00,110.0625
2024-07-11 03:59:00,110.03125
2024-07-11 04:00:00,110.0
2024-07-11 04:01:00,109.96875
2024-07-11 04:02:00,109.9375
2024-07-11 04:03:00,109.90625
2024-07-11 04:04:00,109.875
2024-07-11 04:05:00,109.84375
2024-07-11 04:06:00,109.8125
2024-07-11 04:07:00,109.78125
2024-07-11 04:08:00,109.75
2024-07-11 04:09:00,109.71875
2024-07-11 04:10:00,109.6875
2024-07-11 04:11:00,109.65625
2024-07-11 04:12:00,109.625
2024-07-11 04:13:00,109.59375
2024-07-11 04:14:00,109.5625
2024-07-11 04:15:00,109.53125
2024-07-11 04:16:00,109.5
2024-07-11 04:17:00,109.46875
2024-07-11 04:18:00,109.4375
2024-07-11 04:19:00,109.40625
2024-07-11 04:20:00,109.375
2024-07-11 04:21:00,109.34375
2024-07-11 04:22:00,109.3125
2024-07-11 04:23:00,109.28125
2024-07-11 04:24:00,109.25
2024-07-11 04:25:00,109.21875
2024-07-11 04:26:00,109.1875
2024-07-11 04:27:00,109.15625
2024-07-11 04:28:00,109.125
2024-07-11 04:29:00,109.09375
2024-07-11 04:30:00,109.0625
2024-07-11 04:31:00,109.03125
2024-07-11 04:32:00,109.0
2024-07-11 04:33:00,108.96875
2024-07-11 04:34:00,108.9375
2024-07-11 04:35:00,108.90625
2024-07-11 04:36:00,108.875
2024-07-11 04:37:00,108.84375
2024-07-11 04:38:00,108.8125
2024-07-11 04:39:00,108.78125
2024-07-11 04:40:00,108.75
2024-07-11 04:41:00,108.71875
2024-07-11 04:42:00,108.6875
2024-07-11 04:43:00,108.65625
2024-07-11 04:44:00,108.625
2024-07-11 04:45:00,108.59375
2024-07-11 04:46:00,108.5625
2024-07-11 04:47:00,108.53125
2024-07-11 04:48:00,108.5
2024-07-11 04:49:00,108.46875
2024-07-11 04:50:00,108.4375
2024-07-11 04:51:00,108.40625
2024-07-11 04:52:00,108.375
2024-07-11 04:53:00,108.34375
2024-07-11 04:54:00,108.3125
2024-07-11 04:55:00,108.28125
2024-07-11 04:56:00,108.25
2024-07-11 04:57:00,108.21875
2024-07-11 04:58:00,108.1875
2024-07-11 04:59:00,108.15625
2024-07-11 05:00:00,108.125
2024-07-11 05:01:00,108.09375
2024-07-11 05:02:00,108.0625
2024-07-11 05:03:00,108.03125
2024-07-11 05:04:00,108.0
2024-07-11 05:05:00,107.96875
2024-07-11 05:06:00,107.9375
2024-07-11 05:07:00,107.90625
2024-07-11 05:08:00,107.875
2024-07-11 05:09:00,107.84375
2024-07-11 05:10:00,107.8125
2024-07-11 05:11:00,107.78125
2024-07-11 05:12:00,107.75
2024-07-11 05:13:00,107.71875
2024-07-11 05:14:00,107.6875
2024-07-11 05:15:00,107.65625
2024-07-11 05:16:00,107.625
2024-07-11 05:17:00,107.59375
2024-07-11 05:18:00,107.5625
2024-07-11 05:19:00,107.53125
2024-07-11 05:20:00,107.5
2024-07-11 05:21:00,107.46875
2024-07-11 05:22:00,107.4375
2024-07-11 05:23:00,107.40625
2024-07-11 05:24:00,107.375
2024-07-11 05:25:00,107.34375
2024-07-11 05:26:00,107.3125
2024-07-11 05:27:00,107.28125
2024-07-11 05:28:00,107.25
2024-07-11 05:29:00,107.21875
2024-07-11 05:30:00,107.1875
2024-07-11 05:31:00,107.15625
2024-07-11 05:32:00,107.125
2024-07-11 05:33:00,107.09375
2024-07-11 05:34:00,107.0625
2024-07-11 05:35:00,107.03125
2024-07-11 05:36:00,107.0
2024-07-11 05:37:00,106.96875
2024-07-11 05:38:00,106.9375
2024-07-11 05:39:00,106.90625
2024-07-11 05:40:00,106.875
2024-07-11 05:41:00,106.84375
2024-07-11 05:42:00,106.8125
2024-07-11 05:43:00,106.78125
2024-07-11 05:44:00,106.75
2024-07-11 05:45:00,106.71875
2024-07-11 05:46:00,106.6875
2024-07-11 05:47:00,106.65625
2024-07-11 05:48:00,106.625
2024-07-11 05:49:00,106.59375
2024-07-11 05:50:00,106.5625
2024-07-11 05:51:00,106.53125
2024-07-11 05:52:00,106.5
2024-07-11 05:53:00,106.46875
2024-07-11 05:54:00,106.4375
2024-07-11 05:55:00,106.40625
2024-07-11 05:56:00,106.375
2024-07-11 05:57:00,106.34375
2024-07-11 05:58:00,106.3125
2024-07-11 05:59:00,106.28125
2024-07-11 06:00:00,106.25
2024-07-11 06:01:00,106.21875
2024-07-11 06:02:00,106.1875
2024-07-11 06:03:00,106.15625
2024-07-11 06:04:00,106.125
2024-07-11 06:05:00,106.09375
2024-07-11 06:06:00,106.0625
2024-07-11 06:07:00,106.03125
2024-07-11 06:08:00,106.0
2024-07-11 06:09:00,105.96875
2024-07-11 06:10:00,105.9375
2024-07-11 06:11:00,105.90625
2024-07-11 06:12:00,105.875
2024-07-11 06:13:00,105.84375
2024-07-11 06:14:00,105.8125
2024-07-11 06:15:00,105.78125
2024-07-11 06:16:00,105.75
2024-07-11 06:17:00,105.71875
2024-07-11 06:18:00,105.6875
2024-07-11 06:19:00,105.65625
2024-07-11 06:20:00,105.625
2024-07-11 06:21:00,105.59375
2024-07-11 06:22:00,105.5625
2024-07-11 06:23:00,105.53125
2024-07-11 06:24:00,105.5
2024-07-11 06:25:00,105.46875
2024-07-11 06:26:00,105.4375
2024-07-11 06:27:00,105.40625
2024-07-11 06:28:00,105.375
2024-07-11 06:29:00,105.34375
2024-07-11 06:30:00,105.3125
2024-07-11 06:31:00,105.28125
2024-07-11 06:32:00,105.25
2024-07-11 06:33:00,105.21875
2024-07-11 06:34:00,105.1875
2024-07-11 06:35:00,105.15625
2024-07-11 06:36:00,105.125
2024-07-11 06:37:00,105.09375
2024-07-11 06:38:00,105.0625
2024-07-11 06:39:00,105.03125
2024-07-11 06:40:00,105.0
2024-07-11 06:41:00,104.96875
2024-07-11 06:42:00,104.9375
2024-07-11 06:43:00,104.90625
2024-07-11 06:44:00,104.875
2024-07-11 06:45:00,104.84375
2024-07-11 06:46:00,104.8125
2024-07-11 06:47:00,104.78125
2024-07-11 06:48:00,104.75
2024-07-11 06:49:00,104.71875
2024-07-11 06:50:00,104.6875
2024-07-11 06:51:00,104.65625
2024-07-11 06:52:00,104.625
2024-07-11 06:53:00,104.59375
2024-07-11 06:54:00,104.5625
2024-07-11 06:55:00,104.53125
2024-07-11 06:56:00,104.5
2024-07-11 06:57:00,104.46875
2024-07-11 06:58:00,104.4375
2024-07-11 06:59:00,104.40625
2024-07-11 07:00:00,104.375
2024-07-11 07:01:00,104.34375
2024-07-11 07:02:00,104.3125
2024-07-11 07:03:00,104.28125
2024-07-11 07:04:00,104.25
2024-07-11 07:05:00,104.21875
2024-07-11 07:06:00,104.1875
2024-07-11 07:07:00,104.15625
2024-07-11 07:08:00,104.125
2024-07-11 07:09:00,104.09375
2024-07-11 07:10:00,104.0625
2024-07-11 07:11:00,104.03125
2024-07-11 07:12:00,104.0
2024-07-11 07:13:00,103.96875
2024-07-11 07:14:00,103.9375
2024-07-11 07:15:00,103.90625
2024-07-11 07:16:00,103.875
2024-07-11 07:17:00,103.84375
2024-07-11 07:18:00,103.8125
2024-07-11 07:19:00,103.78125
2024-07-11 07:20:00,103.75
2024-07-11 07:21:00,103.71875
2024-07-11 07:22:00,103.6875
2024-07-11 07:23:00,103.65625
2024-07-11 07:24:00,103.625
2024-07-11 07:25:00,103.59375
2024-07-11 07:26:00,103.5625
2024-07-11 07:27:00,103.53125
2024-07-11 07:28:00,103.5
2024-07-11 07:29:00,103.46875
2024-07-11 07:30:00,103.4375
2024-07-11 07:31:00,103.40625
2024-07-11 07:32:00,103.375
2024-07-11 07:33:00,103.34375
2024-07-11 07:34:00,103.3125
2024-07-11 07:35:00,103.28125
2024-07-11 07:36:00,103.25
2024-07-11 07:37:00,103.21875
2024-07-11 07:38:00,103.1875
2024-07-11 07:39:00,103.15625
2024-07-11 07:40:00,103.125
2024-07-11 07:41:00,103.09375
2024-07-11 07:42:00,103.0625
2024-07-11 07:43:00,103.03125
2024-07-11 07:44:00,103.0
2024-07-11 07:45:00,102.96875
2024-07-11 07:46:00,102.9375
2024-07-11 07:47:00,102.90625
2024-07-11 07:48:00,102.875
2024-07-11 07:49:00,102.84375
2024-07-11 07:50:00,102.8125
2024-07-11 07:51:00,102.78125
2024-07-11 07:52:00,102.75
2024-07-11 07:53:00,102.71875
2024-07-11 07:54:00,102.6875
2024-07-11 07:55:00,102.65625
2024-07-11 07:56:00,102.625
2024-07-11 07:57:00,102.59375
2024-07-11 07:58:00,102.5625
2024-07-11 07:59:00,102.53125
2024-07-11 08:00:00,102.5
2024-07-11 08:01:00,102.46875
2024-07-11 08:02:00,102.4375
2024-07-11 08:03:00,102.40625
2024-07-11 08:04:00,102.375
2024-07-11 08:05:00,102.34375
2024-07-11 08:06:00,102.3125
2024-07-11 08:07:00,102.28125
2024-07-11 08:08:00,102.25
2024-07-11 08:09:00,102.21875
2024-07-11 08:10:00,102.1875
2024-07-11 08:11:00,102.15625
2024-07-11 08:12:00,102.125
2024-07-11 08:13:00,102.09375
2024-07-11 08:14:00,102.0625
2024-07-11 08:15:00,102.03125
2024-07-11 08:16:00,102.0
2024-07-11 08:17:00,101.96875
2024-07-11 08:18:00,101.9375
2024-07-11 08:19:00,101.90625
2024-07-11 08:20:00,101.875
2024-07-11 08:21:00,101.84375
2024-07-11 08:22:00,101.8125
2024-07-11 08:23:00,101.78125
2024-07-11 08:24:00,101.75
2024-07-11 08:25:00,101.71875
2024-07-11 08:26:00,101.6875
2024-07-11 08:27:00,101.65625
2024-07-11 08:28:00,101.625
2024-07-11 08:29:00,101.59375
2024-07-11 08:30:00,101.5625
2024-07-11 08:31:00,101.53125
2024-07-11 08:32:00,101.5
2024-07-11 08:33:00,101.46875
2024-07-11 08:34:00,101.4375
2024-07-11 08:35:00,101.40625
2024-07-11 08:36:00,101.375
2024-07-11 08:37:00,101.34375
2024-07-11 08:38:00,101.3125
2024-07-11 08:39:00,101.28125
2024-07-11 08:40:00,101.25
2024-07-11 08:41:00,101.21875
2024-07-11 08:42:00,101.1875
2024-07-11 08:43:00,101.15625
2024-07-11 08:44:00,101.125
2024-07-11 08:45:00,101.09375
2024-07-11 08:46:00,101.0625
2024-07-11 08:47:00,101.03125
2024-07-11 08:48:00,101.0
2024-07-11 08:49:00,100.96875
2024-07-11 08:50:00,100.9375
2024-07-11 08:51:00,100.90625
2024-07-11 08:52:00,100.875
2024-07-11 08:53:00,100.84375
2024-07-11 08:54:00,100.8125
2024-07-11 08:55:00,100.78125
2024-07-11 08:56:00,100.75
2024-07-11 08:57:00,100.71875
2024-07-11 08:58:00,100.6875
2024-07-11 08:59:00,100.65625
2024-07-11 09:00:00,100.625
2024-07-11 09:01:00,100.59375
2024-07-11 09:02:00,100.5625
2024-07-11 09:03:00,100.53125
2024-07-11 09:04:00,100.5
2024-07-11 09:05:00,100.46875
2024-07-11 09:06:00,100.4375
2024-07-11 09:07:00,100.40625
2024-07-11 09:08:00,100.375
2024-07-11 09:09:00,100.34375
2024-07-11 09:10:00,100.3125
2024-07-11 09:11:00,100.28125
2024-07-11 09:12:00,100.25
2024-07-11 09:13:00,100.21875
2024-07-11 09:14:00,100.1875
2024-07-11 09:15:00,100.15625
2024-07-11 09:16:00,100.125
2024-07-11 09:17:00,100.09375
2024-07-11 09:18:00,100.0625
2024-07-11 09:19:00,100.03125
2024-07-11 09:20:00,100.0
2024-07-11 09:21:00,99.96875
2024-07-11 09:22:00,99.9375
2024-07-11 09:23:00,99.90625
2024-07-11 09:24:00,99.875
2024-07-11 09:25:00,99.84375
2024-07-11 09:26:00,99.8125
2024-07-11 09:27:00,99.78125
2024-07-11 09:28:00,99.75
2024-07-11 09:29:00,99.71875
2024-07-11 09:30:00,99.6875
2024-07-11 09:31:00,99.65625
2024-07-11 09:32:00,99.625
2024-07-11 09:33:00,99.59375
2024-07-11 09:34:00,99.5625
2024-07-11 09:35:00,99.53125
2024-07-11 09:36:00,99.5
2024-07-11 09:37:00,99.46875
2024-07-11 09:38:00,99.4375
2024-07-11 09:39:00,99.40625
2024-07-11 09:40:00,99.375
2024-07-11 09:41:00,99.34375
2024-07-11 09:42:00,99.3125
2024-07-11 09:43:00,99.28125
2024-07-11 09:44:00,99.25
2024-07-11 09:45:00,99.21875
2024-07-11 09:46:00,99.1875
2024-07-11 09:47:00,99.15625
2024-07-11 09:48:00,99.125
2024-07-11 09:49:00,99.09375
2024-07-11 09:50:00,99.0625
2024-07-11 09:51:00,99.03125
2024-07-11 09:52:00,99.0
2024-07-11 09:53:00,98.96875
2024-07-11 09:54:00,98.9375
2024-07-11 09:55:00,98.90625
2024-07-11 09:56:00,98.875
2024-07-11 09:57:00,98.84375
2024-07-11 09:58:00,98.8125
2024-07-11 09:59:00,98.78125
2024-07-11 10:00:00,98.75
2024-07-11 10:01:00,98.71875
2024-07-11 10:02:00,98.6875
2024-07-11 10:03:00,98.65625
2024-07-11 10:04:00,98.625
2024-07-11 10:05:00,98.59375
2024-07-11 10:06:00,98.5625
2024-07-11 10:07:00,98.53125
2024-07-11 10:08:00,98.5
2024-07-11 10:09:00,98.46875
2024-07-11 10:10:00,98.4375
2024-07-11 10:11:00,98.40625
2024-07-11 10:12:00,98.375
2024-07-11 10:13:00,98.34375
2024-07-11 10:14:00,98.3125
2024-07-11 10:15:00,98.28125
2024-07-11 10:16:00,98.25
2024-07-11 10:17:00,98.21875
2024-07-11 10:18:00,98.1875
2024-07-11 10:19:00,98.15625
2024-07-11 10:20:00,98.125
2024-07-11 10:21:00,98.09375
2024-07-11 10:22:00,98.0625
2024-07-11 10:23:00,98.03125
2024-07-11 10:24:00,98.0
2024-07-11 10:25:00,97.96875
2024-07-11 10:26:00,97.9375
2024-07-11 10:27:00,97.90625
2024-07-11 10:28:00,97.875
2024-07-11 10:29:00,97.84375
2024-07-11 10:30:00,97.8125
2024-07-11 10:31:00,97.78125
2024-07-11 10:32:00,97.75
2024-07-11 10:33:00,97.71875
2024-07-11 10:34:00,97.6875
2024-07-11 10:35:00,97.65625
2024-07-11 10:36:00,97.625
2024-07-11 10:37:00,97.59375
2024-07-11 10:38:00,97.5625
2024-07-11 10:39:00,97.53125
2024-07-11 10:40:00,97.5
2024-07-11 10:41:00,97.46875
2024-07-11 10:42:00,97.4375
2024-07-11 10:43:00,97.40625
2024-07-11 10:44:00,97.375
2024-07-11 10:45:00,97.34375
2024-07-11 10:46:00,97.3125
2024-07-11 10:47:00,97.28125
2024-07-11 10:48:00,97.25
2024-07-11 10:49:00,97.21875
2024-07-11 10:50:00,97.1875
2024-07-11 10:51:00,97.15625
2024-07-11 10:52:00,97.125
2024-07-11 10:53:00,97.09375
2024-07-11 10:54:00,97.0625
2024-07-11 10:55:00,97.03125
2024-07-11 10:56:00,97.0
2024-07-11 10:57:00,96.96875
2024-07-11 10:58:00,96.9375
2024-07-11 10:59:00,96.90625
2024-07-11 11:00:00,96.875
2024-07-11 11:01:00,96.84375
2024-07-11 11:02:00,96.8125
2024-07-11 11:03:00,96.78125
2024-07-11 11:04:00,96.75
2024-07-11 11:05:00,96.71875
2024-07-11 11:06:00,96.6875
2024-07-11 11:07:00,96.65625
2024-07-11 11:08:00,96.625
2024-07-11 11:09:00,96.59375
2024-07-11 11:10:00,96.5625
2024-07-11 11:11:00,96.53125
2024-07-11 11:12:00,96.5
2024-07-11 11:13:00,96.46875
2024-07-11 11:14:00,96.4375
2024-07-11 11:15:00,96.40625
2024-07-11 11:16:00,96.375
2024-07-11 11:17:00,96.34375
2024-07-11 11:18:00,96.3125
2024-07-11 11:19:00,96.28125
2024-07-11 11:20:00,96.25
2024-07-11 11:21:00,96.21875
2024-07-11 11:22:00,96.1875
2024-07-11 11:23:00,96.15625
2024-07-11 11:24:00,96.125
2024-07-11 11:25:00,96.09375
2024-07-11 11:26:00,96.0625
2024-07-11 11:27:00,96.03125
2024-07-11 11:28:00,96.0
2024-07-11 11:29:00,95.96875
2024-07-11 11:30:00,95.9375
2024-07-11 11:31:00,95.90625
2024-07-11 11:32:00,95.875
2024-07-11 11:33:00,95.84375
2024-07-11 11:34:00,95.8125
2024-07-11 11:35:00,95.78125
2024-07-11 11:36:00,95.75
2024-07-11 11:37:00,95.71875
2024-07-11 11:38:00,95.6875
2024-07-11 11:39:00,95.65625
2024-07-11 11:40:00,95.625
2024-07-11 11:41:00,95.59375
2024-07-11 11:42:00,95.5625
2024-07-11 11:43:00,95.53125
2024-07-11 11:44:00,95.5
2024-07-11 11:45:00,95.46875
2024-07-11 11:46:00,95.4375
2024-07-11 11:47:00,95.40625
2024-07-11 11:48:00,95.375
2024-07-11 11:49:00,95.34375
2024-07-11 11:50:00,95.3125
2024-07-11 11:51:00,95.28125
2024-07-11 11:52:00,95.25
2024-07-11 11:53:00,95.21875
2024-07-11 11:54:00,95.1875
2024-07-11 11:55:00,95.15625
2024-07-11 11:56:00,95.125
2024-07-11 11:57:00,95.09375
2024-07-11 11:58:00,95.0625
2024-07-11 11:59:00,95.03125
2024-07-11 12:00:00,95.0
2024-07-11 12:01:00,94.96875
2024-07-11 12:02:00,94.9375
2024-07-11 12:03:00,94.90625
2024-07-11 12:04:00,94.875
2024-07-11 12:05:00,94.84375
2024-07-11 12:06:00,94.8125
2024-07-11 12:07:00,94.78125
2024-07-11 12:08:00,94.75
2024-07-11 12:09:00,94.71875
2024-07-11 12:10:00,94.6875
2024-07-11 12:11:00,94.65625
2024-07-11 12:12:00,94.625
2024-07-11 12:13:00,94.59375
2024-07-11 12:14:00,94.5625
2024-07-11 12:15:00,94.53125
2024-07-11 12:16:00,94.5
2024-07-11 12:17:00,94.46875
2024-07-11 12:18:00,94.4375
2024-07-11 12:19:00,94.40625
2024-07-11 12:20:00,94.375
2024-07-11 12:21:00,94.34375
2024-07-11 12:22:00,94.3125
2024-07-11 12:23:00,94.28125
2024-07-11 12:24:00,94.25
2024-07-11 12:25:00,94.21875
2024-07-11 12:26:00,94.1875
2024-07-11 12:27:00,94.15625
2024-07-11 12:28:00,94.125
2024-07-11 12:29:00,94.09375
2024-07-11 12:30:00,94.0625
2024-07-11 12:31:00,94.03125
2024-07-11 12:32:00,94.0
2024-07-11 12:33:00,93.96875
2024-07-11 12:34:00,93.9375
2024-07-11 12:35:00,93.90625
2024-07-11 12:36:00,93.875
2024-07-11 12:37:00,93.84375
2024-07-11 12:38:00,93.8125
2024-07-11 12:39:00,93.78125
2024-07-11 12:40:00,93.75
2024-07-11 12:41:00,93.71875
2024-07-11 12:42:00,93.6875
2024-07-11 12:43:00,93.65625
2024-07-11 12:44:00,93.625
2024-07-11 12:45:00,93.59375
2024-07-11 12:46:00,93.5625
2024-07-11 12:47:00,93.53125
2024-07-11 12:48:00,93.5
2024-07-11 12:49:00,93.46875
2024-07-11 12:50:00,93.4375
2024-07-11 12:51:00,93.40625
2024-07-11 12:52:00,93.375
2024-07-11 12:53:00,93.34375
2024-07-11 12:54:00,93.3125
2024-07-11 12:55:00,93.28125
2024-07-11 12:56:00,93.25
2024-07-11 12:57:00,93.21875
2024-07-11 12:58:00,93.1875
2024-07-11 12:59:00,93.15625
2024-07-11 13:00:00,93.125
2024-07-11 13:01:00,93.09375
2024-07-11 13:02:00,93.0625
2024-07-11 13:03:00,93.03125
2024-07-11 13:04:00,93.0
2024-07-11 13:05:00,92.96875
2024-07-11 13:06:00,92.9375
2024-07-11 13:07:00,92.90625
2024-07-11 13:08:00,92.875
2024-07-11 13:09:00,92.84375
2024-07-11 13:10:00,92.8125
2024-07-11 13:11:00,92.78125
2024-07-11 13:12:00,92.75
2024-07-11 13:13:00,92.71875
2024-07-11 13:14:00,92.6875
2024-07-11 13:15:00,92.65625
2024-07-11 13:16:00,92.625
2024-07-11 13:17:00,92.59375
2024-07-11 13:18:00,92.5625
2024-07-11 13:19:00,92.53125
2024-07-11 13:20:00,92.5
2024-07-11 13:21:00,92.46875
2024-07-11 13:22:00,92.4375
2024-07-11 13:23:00,92.40625
2024-07-11 13:24:00,92.375
2024-07-11 13:25:00,92.34375
2024-07-11 13:26:00,92.3125
2024-07-11 13:27:00,92.28125
2024-07-11 13:28:00,92.25
2024-07-11 13:29:00,92.21875
2024-07-11 13:30:00,92.1875
2024-07-11 13:31:00,92.15625
2024-07-11 13:32:00,92.125
2024-07-11 13:33:00,92.09375
2024-07-11 13:34:00,92.0625
2024-07-11 13:35:00,92.03125
2024-07-11 13:36:00,92.0
2024-07-11 13:37:00,91.96875
2024-07-11 13:38:00,91.9375
2024-07-11 13:39:00,91.90625
2024-07-11 13:40:00,91.875
2024-07-11 13:41:00,91.84375
2024-07-11 13:42:00,91.8125
2024-07-11 13:43:00,91.78125
2024-07-11 13:44:00,91.75
2024-07-11 13:45:00,91.71875
2024-07-11 13:46:00,91.6875
2024-07-11 13:47:00,91.65625
2024-07-11 13:48:00,91.625
2024-07-11 13:49:00,91.59375
2024-07-11 13:50:00,91.5625
2024-07-11 13:51:00,91.53125
2024-07-11 13:52:00,91.5
2024-07-11 13:53:00,91.46875
2024-07-11 13:54:00,91.4375
2024-07-11 13:55:00,91.40625
2024-07-11 13:56:00,91.375
2024-07-11 13:57:00,91.34375
2024-07-11 13:58:00,91.3125
2024-07-11 13:59:00,91.28125
2024-07-11 14:00:00,91.25
2024-07-11 14:01:00,91.21875
2024-07-11 14:02:00,91.1875
2024-07-11 14:03:00,91.15625
2024-07-11 14:04:00,91.125
2024-07-11 14:05:00,91.09375
2024-07-11 14:06:00,91.0625
2024-07-11 14:07:00,91.03125
2024-07-11 14:08:00,91.0
2024-07-11 14:09:00,90.96875
2024-07-11 14:10:00,90.9375
2024-07-11 14:11:00,90.90625
2024-07-11 14:12:00,90.875
2024-07-11 14:13:00,90.84375
2024-07-11 14:14:00,90.8125
2024-07-11 14:15:00,90.78125
2024-07-11 14:16:00,90.75
2024-07-11 14:17:00,90.71875
2024-07-11 14:18:00,90.6875
2024-07-11 14:19:00,90.65625
2024-07-11 14:20:00,90.625
2024-07-11 14:21:00,90.59375
2024-07-11 14:22:00,90.5625
2024-07-11 14:23:00,90.53125
2024-07-11 14:24:00,90.5
2024-07-11 14:25:00,90.46875
2024-07-11 14:26:00,90.4375
2024-07-11 14:27:00,90.40625
2024-07-11 14:28:00,90.375
2024-07-11 14:29:00,90.34375
2024-07-11 14:30:00,90.3125
2024-07-11 14:31:00,90.28125
2024-07-11 14:32:00,90.25
2024-07-11 14:33:00,90.21875
2024-07-11 14:34:00,90.1875
2024-07-11 14:35:00,90.15625
2024-07-11 14:36:00,90.125
2024-07-11 14:37:00,90.09375
2024-07-11 14:38:00,90.0625
2024-07-11 14:39:00,90.03125
2024-07-11 14:40:00,90.0
2024-07-11 14:41:00,89.96875
2024-07-11 14:42:00,89.9375
2024-07-11 14:43:00,89.90625
2024-07-11 14:44:00,89.875
2024-07-11 14:45:00,89.84375
2024-07-11 14:46:00,89.8125
2024-07-11 14:47:00,89.78125
2024-07-11 14:48:00,89.75
2024-07-11 14:49:00,89.71875
2024-07-11 14:50:00,89.6875
2024-07-11 14:51:00,89.65625
2024-07-11 14:52:00,89.625
2024-07-11 14:53:00,89.59375
2024-07-11 14:54:00,89.5625
2024-07-11 14:55:00,89.53125
2024-07-11 14:56:00,89.5
2024-07-11 14:57:00,89.46875
2024-07-11 14:58:00,89.4375
2024-07-11 14:59:00,89.40625
2024-07-11 15:00:00,89.375
2024-07-11 15:01:00,89.34375
2024-07-11 15:02:00,89.3125
2024-07-11 15:03:00,89.28125
2024-07-11 15:04:00,89.25
2024-07-11 15:05:00,89.21875
2024-07-11 15:06:00,89.1875
2024-07-11 15:07:00,89.15625
2024-07-11 15:08:00,89.125
2024-07-11 15:09:00,89.09375
2024-07-11 15:10:00,89.0625
2024-07-11 15:11:00,89.03125
2024-07-11 15:12:00,89.0
2024-07-11 15:13:00,88.96875
2024-07-11 15:14:00,88.9375
2024-07-11 15:15:00,88.90625
2024-07-11 15:16:00,88.875
2024-07-11 15:17:00,88.84375
2024-07-11 15:18:00,88.8125
2024-07-11 15:19:00,88.78125
2024-07-11 15:20:00,88.75
2024-07-11 15:21:00,88.71875
2024-07-11 15:22:00,88.6875
2024-07-11 15:23:00,88.65625
2024-07-11 15:24:00,88.625
2024-07-11 15:25:00,88.59375
2024-07-11 15:26:00,88.5625
2024-07-11 15:27:00,88.53125
2024-07-11 15:28:00,88.5
2024-07-11 15:29:00,88.46875
2024-07-11 15:30:00,88.4375
2024-07-11 15:31:00,88.40625
2024-07-11 15:32:00,88.375
2024-07-11 15:33:00,88.34375
2024-07-11 15:34:00,88.3125
2024-07-11 15:35:00,88.28125
2024-07-11 15:36:00,88.25
2024-07-11 15:37:00,88.21875
2024-07-11 15:38:00,88.1875
2024-07-11 15:39:00,88.15625
2024-07-11 15:40:00,88.125
2024-07-11 15:41:00,88.09375
2024-07-11 15:42:00,88.0625
2024-07-11 15:43:00,88.03125
2024-07-11 15:44:00,88.0
2024-07-11 15:45:00,87.96875
2024-07-11 15:46:00,87.9375
2024-07-11 15:47:00,87.90625
2024-07-11 15:48:00,87.875
2024-07-11 15:49:00,87.84375
2024-07-11 15:50:00,87.8125
2024-07-11 15:51:00,87.78125
2024-07-11 15:52:00,87.75
2024-07-11 15:53:00,87.71875
2024-07-11 15:54:00,87.6875
2024-07-11 15:55:00,87.65625
2024-07-11 15:56:00,87.625
2024-07-11 15:57:00,87.59375
2024-07-11 15:58:00,87.5625
2024-07-11 15:59:00,87.53125
2024-07-11 16:00:00,87.5
2024-07-11 16:01:00,87.46875
2024-07-11 16:02:00,87.4375
2024-07-11 16:03:00,87.40625
2024-07-11 16:04:00,87.375
2024-07-11 16:05:00,87.34375
2024-07-11 16:06:00,87.3125
2024-07-11 16:07:00,87.28125
2024-07-11 16:08:00,87.25
2024-07-11 16:09:00,87.21875
2024-07-11 16:10:00,87.1875
2024-07-11 16:11:00,87.15625
2024-07-11 16:12:00,87.125
2024-07-11 16:13:00,87.09375
2024-07-11 16:14:00,87.0625
2024-07-11 16:15:00,87.03125
2024-07-11 16:16:00,87.0
2024-07-11 16:17:00,86.96875
2024-07-11 16:18:00,86.9375
2024-07-11 16:19:00,86.90625
2024-07-11 16:20:00,86.875
2024-07-11 16:21:00,86.84375
2024-07-11 16:22:00,86.8125
2024-07-11 16:23:00,86.78125
2024-07-11 16:24:00,86.75
2024-07-11 16:25:00,86.71875
2024-07-11 16:26:00,86.6875
2024-07-11 16:27:00,86.65625
2024-07-11 16:28:00,86.625
2024-07-11 16:29:00,86.59375
2024-07-11 16:30:00,86.5625
2024-07-11 16:31:00,86.53125
2024-07-11 16:32:00,86.5
2024-07-11 16:33:00,86.46875
2024-07-11 16:34:00,86.4375
2024-07-11 16:35:00,86.40625
2024-07-11 16:36:00,86.375
2024-07-11 16:37:00,86.34375
2024-07-11 16:38:00,86.3125
2024-07-11 16:39:00,86.28125
2024-07-11 16:40:00,86.25
2024-07-11 16:41:00,86.21875
2024-07-11 16:42:00,86.1875
2024-07-11 16:43:00,86.15625
2024-07-11 16:44:00,86.125
2024-07-11 16:45:00,86.09375
2024-07-11 16:46:00,86.0625
2024-07-11 16:47:00,86.03125
2024-07-11 16:48:00,86.0
2024-07-11 16:49:00,85.96875
2024-07-11 16:50:00,85.9375
2024-07-11 16:51:00,85.90625
2024-07-11 16:52:00,85.875
2024-07-11 16:53:00,85.84375
2024-07-11 16:54:00,85.8125
2024-07-11 16:55:00,85.78125
2024-07-11 16:56:00,85.75
2024-07-11 16:57:00,85.71875
2024-07-11 16:58:00,85.6875
2024-07-11 16:59:00,85.65625
2024-07-11 17:00:00,85.625
2024-07-11 17:01:00,85.59375
2024-07-11 17:02:00,85.5625
2024-07-11 17:03:00,85.53125
2024-07-11 17:04:00,85.5
2024-07-11 17:05:00,85.46875
2024-07-11 17:06:00,85.4375
2024-07-11 17:07:00,85.40625
2024-07-11 17:08:00,85.375
2024-07-11 17:09:00,85.34375
2024-07-11 17:10:00,85.3125
2024-07-11 17:11:00,85.28125
2024-07-11 17:12:00,85.25
2024-07-11 17:13:00,85.21875
2024-07-11 17:14:00,85.1875
2024-07-11 17:15:00,85.15625
2024-07-11 17:16:00,85.125
2024-07-11 17:17:00,85.09375
2024-07-11 17:18:00,85.0625
2024-07-11 17:19:00,85.03125
2024-07-11 17:20:00,85.0
2024-07-11 17:21:00,84.96875
2024-07-11 17:22:00,84.9375
2024-07-11 17:23:00,84.90625
2024-07-11 17:24:00,84.875
2024-07-11 17:25:00,84.84375
2024-07-11 17:26:00,84.8125
2024-07-11 17:27:00,84.78125
2024-07-11 17:28:00,84.75
2024-07-11 17:29:00,84.71875
2024-07-11 17:30:00,84.6875
2024-07-11 17:31:00,84.65625
2024-07-11 17:32:00,84.625
2024-07-11 17:33:00,84.59375
2024-07-11 17:34:00,84.5625
2024-07-11 17:35:00,84.53125
2024-07-11 17:36:00,84.5
2024-07-11 17:37:00,84.46875
2024-07-11 17:38:00,84.4375
2024-07-11 17:39:00,84.40625
2024-07-11 17:40:00,84.375
2024-07-11 17:41:00,84.34375
2024-07-11 17:42:00,84.3125
2024-07-11 17:43:00,84.28125
2024-07-11 17:44:00,84.25
2024-07-11 17:45:00,84.21875
2024-07-11 17:46:00,84.1875
2024-07-11 17:47:00,84.15625
2024-07-11 17:48:00,84.125
2024-07-11 17:49:00,84.09375
2024-07-11 17:50:00,84.0625
2024-07-11 17:51:00,84.03125
2024-07-11 17:52:00,84.0
2024-07-11 17:53:00,83.96875
2024-07-11 17:54:00,83.9375
2024-07-11 17:55:00,83.90625
2024-07-11 17:56:00,83.875
2024-07-11 17:57:00,83.84375
2024-07-11 17:58:00,83.8125
2024-07-11 17:59:00,83.78125
2024-07-11 18:00:00,83.75
2024-07-11 18:01:00,83.71875
2024-07-11 18:02:00,83.6875
2024-07-11 18:03:00,83.65625
2024-07-11 18:04:00,83.625
2024-07-11 18:05:00,83.59375
2024-07-11 18:06:00,83.5625
2024-07-11 18:07:00,83.53125
2024-07-11 18:08:00,83.5
2024-07-11 18:09:00,83.46875
2024-07-11 18:10:00,83.4375
2024-07-11 18:11:00,83.40625
2024-07-11 18:12:00,83.375
2024-07-11 18:13:00,83.34375
2024-07-11 18:14:00,83.3125
2024-07-11 18:15:00,83.28125
2024-07-11 18:16:00,83.25
2024-07-11 18:17:00,83.21875
2024-07-11 18:18:00,83.1875
2024-07-11 18:19:00,83.15625
2024-07-11 18:20:00,83.125
2024-07-11 18:21:00,83.09375
2024-07-11 18:22:00,83.0625
2024-07-11 18:23:00,83.03125
2024-07-11 18:24:00,83.0
2024-07-11 18:25:00,82.96875
2024-07-11 18:26:00,82.9375
2024-07-11 18:27:00,82.90625
2024-07-11 18:28:00,82.875
2024-07-11 18:29:00,82.84375
2024-07-11 18:30:00,82.8125
2024-07-11 18:31:00,82.78125
2024-07-11 18:32:00,82.75
2024-07-11 18:33:00,82.71875
2024-07-11 18:34:00,82.6875
2024-07-11 18:35:00,82.65625
2024-07-11 18:36:00,82.625
2024-07-11 18:37:00,82.59375
2024-07-11 18:38:00,82.5625
2024-07-11 18:39:00,82.53125
2024-07-11 18:40:00,82.5
2024-07-11 18:41:00,82.46875
2024-07-11 18:42:00,82.4375
2024-07-11 18:43:00,82.40625
2024-07-11 18:44:00,82.375
2024-07-11 18:45:00,82.34375
2024-07-11 18:46:00,82.3125
2024-07-11 18:47:00,82.28125
2024-07-11 18:48:00,82.25
2024-07-11 18:49:00,82.21875
2024-07-11 18:50:00,82.1875
2024-07-11 18:51:00,82.15625
2024-07-11 18:52:00,82.125
2024-07-11 18:53:00,82.09375
2024-07-11 18:54:00,82.0625
2024-07-11 18:55:00,82.03125
2024-07-11 18:56:00,82.0
2024-07-11 18:57:00,81.96875
2024-07-11 18:58:00,81.9375
2024-07-11 18:59:00,81.90625
2024-07-11 19:00:00,81.875
2024-07-11 19:01:00,81.84375
2024-07-11 19:02:00,81.8125
2024-07-11 19:03:00,81.78125
2024-07-11 19:04:00,81.75
2024-07-11 19:05:00,81.71875
2024-07-11 19:06:00,81.6875
2024-07-11 19:07:00,81.65625
2024-07-11 19:08:00,81.625
2024-07-11 19:09:00,81.59375
2024-07-11 19:10:00,81.5625
2024-07-11 19:11:00,81.53125
2024-07-11 19:12:00,81.5
2024-07-11 19:13:00,81.46875
2024-07-11 19:14:00,81.4375
2024-07-11 19:15:00,81.40625
2024-07-11 19:16:00,81.375
2024-07-11 19:17:00,81.34375
2024-07-11 19:18:00,81.3125
2024-07-11 19:19:00,81.28125
2024-07-11 19:20:00,81.25
2024-07-11 19:21:00,81.21875
2024-07-11 19:22:00,81.1875
2024-07-11 19:23:00,81.15625
2024-07-11 19:24:00,81.125
2024-07-11 19:25:00,81.09375
2024-07-11 19:26:00,81.0625
2024-07-11 19:27:00,81.03125
2024-07-11 19:28:00,81.0
2024-07-11 19:29:00,80.96875
2024-07-11 19:30:00,80.9375
2024-07-11 19:31:00,80.90625
2024-07-11 19:32:00,80.875
2024-07-11 19:33:00,80.84375
2024-07-11 19:34:00,80.8125
2024-07-11 19:35:00,80.78125
2024-07-11 19:36:00,80.75
2024-07-11 19:37:00,80.71875
2024-07-11 19:38:00,80.6875
2024-07-11 19:39:00,80.65625
2024-07-11 19:40:00,80.625
2024-07-11 19:41:00,80.59375
2024-07-11 19:42:00,80.5625
2024-07-11 19:43:00,80.53125
2024-07-11 19:44:00,80.5
2024-07-11 19:45:00,80.46875
2024-07-11 19:46:00,80.4375
2024-07-11 19:47:00,80.40625
2024-07-11 19:48:00,80.375
2024-07-11 19:49:00,80.34375
2024-07-11 19:50:00,80.3125
2024-07-11 19:51:00,80.28125
2024-07-11 19:52:00,80.25
2024-07-11 19:53:00,80.21875
2024-07-11 19:54:00,80.1875
2024-07-11 19:55:00,80.15625
2024-07-11 19:56:00,80.125
2024-07-11 19:57:00,80.09375
2024-07-11 19:58:00,80.0625
2024-07-11 19:59:00,80.03125
2024-07-11 20:00:00,80.0
2024-07-11 20:01:00,79.96875
2024-07-11 20:02:00,79.9375
2024-07-11 20:03:00,79.90625
2024-07-11 20:04:00,79.875
2024-07-11 20:05:00,79.84375
2024-07-11 20:06:00,79.8125
2024-07-11 20:07:00,79.78125
2024-07-11 20:08:00,79.75
2024-07-11 20:09:00,79.71875
2024-07-11 20:10:00,79.6875
2024-07-11 20:11:00,79.65625
2024-07-11 20:12:00,79.625
2024-07-11 20:13:00,79.59375
2024-07-11 20:14:00,79.5625
2024-07-11 20:15:00,79.53125
2024-07-11 20:16:00,79.5
2024-07-11 20:17:00,79.46875
2024-07-11 20:18:00,79.4375
2024-07-11 20:19:00,79.40625
2024-07-11 20:20:00,79.375
2024-07-11 20:21:00,79.34375
2024-07-11 20:22:00,79.3125
2024-07-11 20:23:00,79.28125
2024-07-11 20:24:00,79.25
2024-07-11 20:25:00,79.21875
2024-07-11 20:26:00,79.1875
2024-07-11 20:27:00,79.15625
2024-07-11 20:28:00,79.125
2024-07-11 20:29:00,79.09375
2024-07-11 20:30:00,79.0625
2024-07-11 20:31:00,79.03125
2024-07-11 20:32:00,79.0
2024-07-11 20:33:00,78.96875
2024-07-11 20:34:00,78.9375
2024-07-11 20:35:00,78.90625
2024-07-11 20:36:00,78.875
2024-07-11 20:37:00,78.84375
2024-07-11 20:38:00,78.8125
2024-07-11 20:39:00,78.78125
2024-07-11 20:40:00,78.75
2024-07-11 20:41:00,78.71875
2024-07-11 20:42:00,78.6875
2024-07-11 20:43:00,78.65625
2024-07-11 20:44:00,78.625
2024-07-11 20:45:00,78.59375
2024-07-11 20:46:00,78.5625
2024-07-11 20:47:00,78.53125
2024-07-11 20:48:00,78.5
2024-07-11 20:49:00,78.46875
2024-07-11 20:50:00,78.4375
2024-07-11 20:51:00,78.40625
2024-07-11 20:52:00,78.375
2024-07-11 20:53:00,78.34375
2024-07-11 20:54:00,78.3125
2024-07-11 20:55:00,78.28125
2024-07-11 20:56:00,78.25
2024-07-11 20:57:00,78.21875
2024-07-11 20:58:00,78.1875
2024-07-11 20:59:00,78.15625
2024-07-11 21:00:00,78.125
2024-07-11 21:01:00,78.09375
2024-07-11 21:02:00,78.0625
2024-07-11 21:03:00,78.03125
2024-07-11 21:04:00,78.0
2024-07-11 21:05:00,77.96875
2024-07-11 21:06:00,77.9375
2024-07-11 21:07:00,77.90625
2024-07-11 21:08:00,77.875
2024-07-11 21:09:00,77.84375
2024-07-11 21:10:00,77.8125
2024-07-11 21:11:00,77.78125
2024-07-11 21:12:00,77.75
2024-07-11 21:13:00,77.71875
2024-07-11 21:14:00,77.6875
2024-07-11 21:15:00,77.65625
2024-07-11 21:16:00,77.625
2024-07-11 21:17:00,77.59375
2024-07-11 21:18:00,77.5625
2024-07-11 21:19:00,77.53125
2024-07-11 21:20:00,77.5
2024-07-11 21:21:00,77.46875
2024-07-11 21:22:00,77.4375
2024-07-11 21:23:00,77.40625
2024-07-11 21:24:00,77.375
2024-07-11 21:25:00,77.34375
2024-07-11 21:26:00,77.3125
2024-07-11 21:27:00,77.28125
2024-07-11 21:28:00,77.25
2024-07-11 21:29:00,77.21875
2024-07-11 21:30:00,77.1875
2024-07-11 21:31:00,77.15625
2024-07-11 21:32:00,77.125
2024-07-11 21:33:00,77.09375
2024-07-11 21:34:00,77.0625
2024-07-11 21:35:00,77.03125
2024-07-11 21:36:00,77.0
2024-07-11 21:37:00,76.96875
2024-07-11 21:38:00,76.9375
2024-07-11 21:39:00,76.90625
2024-07-11 21:40:00,76.875
2024-07-11 21:41:00,76.84375
2024-07-11 21:42:00,76.8125
2024-07-11 21:43:00,76.78125
2024-07-11 21:44:00,76.75
2024-07-11 21:45:00,76.71875
2024-07-11 21:46:00,76.6875
2024-07-11 21:47:00,76.65625
2024-07-11 21:48:00,76.625
2024-07-11 21:49:00,76.59375
2024-07-11 21:50:00,76.5625
2024-07-11 21:51:00,76.53125
2024-07-11 21:52:00,76.5
2024-07-11 21:53:00,76.46875
2024-07-11 21:54:00,76.4375
2024-07-11 21:55:00,76.40625
2024-07-11 21:56:00,76.375
2024-07-11 21:57:00,76.34375
2024-07-11 21:58:00,76.3125
2024-07-11 21:59:00,76.28125
2024-07-11 22:00:00,76.25
2024-07-11 22:01:00,76.21875
2024-07-11 22:02:00,76.1875
2024-07-11 22:03:00,76.15625
2024-07-11 22:04:00,76.125
2024-07-11 22:05:00,76.09375
2024-07-11 22:06:00,76.0625
2024-07-11 22:07:00,76.03125
2024-07-11 22:08:00,76.0
2024-07-11 22:09:00,75.96875
2024-07-11 22:10:00,75.9375
2024-07-11 22:11:00,75.90625
2024-07-11 22:12:00,75.875
2024-07-11 22:13:00,75.84375
2024-07-11 22:14:00,75.8125
2024-07-11 22:15:00,75.78125
2024-07-11 22:16:00,75.75
2024-07-11 22:17:00,75.71875
2024-07-11 22:18:00,75.6875
2024-07-11 22:19:00,75.65625
2024-07-11 22:20:00,75.625
2024-07-11 22:21:00,75.59375
2024-07-11 22:22:00,75.5625
2024-07-11 22:23:00,75.53125
2024-07-11 22:24:00,75.5
2024-07-11 22:25:00,75.46875
2024-07-11 22:26:00,75.4375
2024-07-11 22:27:00,75.40625
2024-07-11 22:28:00,75.375
2024-07-11 22:29:00,75.34375
2024-07-11 22:30:00,75.3125
2024-07-11 22:31:00,75.28125
2024-07-11 22:32:00,75.25
2024-07-11 22:33:00,75.21875
2024-07-11 22:34:00,75.1875
2024-07-11 22:35:00,75.15625
2024-07-11 22:36:00,75.125
2024-07-11 22:37:00,75.09375
2024-07-11 22:38:00,75.0625
2024-07-11 22:39:00,75.03125
2024-07-11 22:40:00,75.0
2024-07-11 22:41:00,74.96875
2024-07-11 22:42:00,74.9375
2024-07-11 22:43:00,74.90625
2024-07-11 22:44:00,74.875
2024-07-11 22:45:00,74.84375
2024-07-11 22:46:00,74.8125
2024-07-11 22:47:00,74.78125
2024-07-11 22:48:00,74.75
2024-07-11 22:49:00,74.71875
2024-07-11 22:50:00,74.6875
2024-07-11 22:51:00,74.65625
2024-07-11 22:52:00,74.625
2024-07-11 22:53:00,74.59375
2024-07-11 22:54:00,74.5625
2024-07-11 22:55:00,74.53125
2024-07-11 22:56:00,74.5
2024-07-11 22:57:00,74.46875
2024-07-11 22:58:00,74.4375
2024-07-11 22:59:00,74.40625
2024-07-11 23:00:00,74.375
2024-07-11 23:01:00,74.34375
2024-07-11 23:02:00,74.3125
2024-07-11 23:03:00,74.28125
2024-07-11 23:04:00,74.25
2024-07-11 23:05:00,74.21875
2024-07-11 23:06:00,74.1875
2024-07-11 23:07:00,74.15625
2024-07-11 23:08:00,74.125
2024-07-11 23:09:00,74.09375
2024-07-11 23:10:00,74.0625
2024-07-11 23:11:00,74.03125
2024-07-11 23:12:00,74.0
2024-07-11 23:13:00,73.96875
2024-07-11 23:14:00,73.9375
2024-07-11 23:15:00,73.90625
2024-07-11 23:16:00,73.875
2024-07-11 23:17:00,73.84375
2024-07-11 23:18:00,73.8125
2024-07-11 23:19:00,73.78125
2024-07-11 23:20:00,73.75
2024-07-11 23:21:00,73.71875
2024-07-11 23:22:00,73.6875
2024-07-11 23:23:00,73.65625
2024-07-11 23:24:00,73.625
2024-07-11 23:25:00,73.59375
2024-07-11 23:26:00,73.5625
2024-07-11 23:27:00,73.53125
2024-07-11 23:28:00,73.5
2024-07-11 23:29:00,73.46875
2024-07-11 23:30:00,73.4375
2024-07-11 23:31:00,73.40625
2024-07-11 23:32:00,73.375
2024-07-11 23:33:00,73.34375
2024-07-11 23:34:00,73.3125
2024-07-11 23:35:00,73.28125
2024-07-11 23:36:00,73.25
2024-07-11 23:37:00,73.21875
2024-07-11 23:38:00,73.1875
2024-07-11 23:39:00,73.15625
2024-07-11 23:40:00,73.125
2024-07-11 23:41:00,73.09375
2024-07-11 23:42:00,73.0625
2024-07-11 23:43:00,73.03125
2024-07-11 23:44:00,73.0
2024-07-11 23:45:00,72.96875
2024-07-11 23:46:00,72.9375
2024-07-11 23:47:00,72.90625
2024-07-11 23:48:00,72.875
2024-07-11 23:49:00,72.84375
2024-07-11 23:50:00,72.8125
2024-07-11 23:51:00,72.78125
2024-07-11 23:52:00,72.75
2024-07-11 23:53:00,72.71875
2024-07-11 23:54:00,72.6875
2024-07-11 23:55:00,72.65625
2024-07-11 23:56:00,72.625
2024-07-11 23:57:00,72.59375
2024-07-11 23:58:00,72.5625
2024-07-11 23:59:00,72.53125
